decision_id,evaluation_year,candidate,policy,month,rows,frauds,tp,fp,recall,alerts_per_10000,review_hours_per_10000,capacity_exceeded
D00046,2015,rf_profundo,base_min_cost_capacity,2015-01,7381,0,0,1931,,2616.1766698279366,261.61766698279365,True
D00046,2015,rf_profundo,base_min_cost_capacity,2015-02,6529,0,0,1671,,2559.3505896768265,255.93505896768266,True
D00046,2015,rf_profundo,base_min_cost_capacity,2015-03,7599,1,0,1948,0.0,2563.4951967364127,256.3495196736413,True
D00046,2015,rf_profundo,base_min_cost_capacity,2015-04,7210,20,12,1913,0.6,2669.902912621359,266.9902912621359,True
D00046,2015,rf_profundo,base_min_cost_capacity,2015-05,7505,16,8,1936,0.5,2590.2731512325117,259.0273151232512,True
D00046,2015,rf_profundo,base_min_cost_capacity,2015-06,7427,20,12,1835,0.6,2486.872222970244,248.68722229702442,True
D00046,2015,rf_profundo,base_min_cost_capacity,2015-07,7406,27,15,1896,0.5555555555555556,2580.3402646502836,258.0340264650284,True
D00046,2015,rf_profundo,base_min_cost_capacity,2015-08,7473,21,17,2019,0.8095238095238095,2724.474775859762,272.4474775859762,True
D00046,2015,rf_profundo,base_min_cost_capacity,2015-09,7246,14,10,1893,0.7142857142857143,2626.2765663814516,262.62765663814514,True
D00046,2015,rf_profundo,base_min_cost_capacity,2015-10,7404,21,15,1970,0.7142857142857143,2680.983252296056,268.0983252296056,True
D00046,2015,rf_profundo,base_min_cost_capacity,2015-11,7237,19,13,1896,0.6842105263157895,2637.833356363134,263.7833356363134,True
D00046,2015,rf_profundo,base_min_cost_capacity,2015-12,7653,31,17,1974,0.5483870967741935,2601.594146086502,260.1594146086502,True
D00049,2015,rf_profundo,f1_same_model_reference,2015-01,7381,0,0,1140,,1544.5061644763582,154.4506164476358,True
D00049,2015,rf_profundo,f1_same_model_reference,2015-02,6529,0,0,866,,1326.3899525195282,132.63899525195282,True
D00049,2015,rf_profundo,f1_same_model_reference,2015-03,7599,1,0,1102,0.0,1450.190814580866,145.0190814580866,True
D00049,2015,rf_profundo,f1_same_model_reference,2015-04,7210,20,7,985,0.35,1375.866851595007,137.5866851595007,True
D00049,2015,rf_profundo,f1_same_model_reference,2015-05,7505,16,7,1042,0.4375,1397.7348434377082,139.7734843437708,True
D00049,2015,rf_profundo,f1_same_model_reference,2015-06,7427,20,9,1027,0.45,1394.9104618284637,139.49104618284636,True
D00049,2015,rf_profundo,f1_same_model_reference,2015-07,7406,27,12,1064,0.4444444444444444,1452.8760464488253,145.28760464488252,True
D00049,2015,rf_profundo,f1_same_model_reference,2015-08,7473,21,15,1121,0.7142857142857143,1520.1391676702797,152.01391676702798,True
D00049,2015,rf_profundo,f1_same_model_reference,2015-09,7246,14,8,1001,0.5714285714285714,1392.4924096052994,139.24924096052993,True
D00049,2015,rf_profundo,f1_same_model_reference,2015-10,7404,21,13,1114,0.6190476190476191,1522.15018908698,152.21501890869797,True
D00049,2015,rf_profundo,f1_same_model_reference,2015-11,7237,19,10,1033,0.5263157894736842,1441.2049191654,144.12049191653998,True
D00049,2015,rf_profundo,f1_same_model_reference,2015-12,7653,31,10,1099,0.3225806451612903,1449.1049261727428,144.9104926172743,True
D00121,2016,rf_variables_revisadas,base_min_cost_capacity,2016-01,7442,43,30,21,0.6976744186046512,68.52996506315506,6.852996506315506,True
D00121,2016,rf_variables_revisadas,base_min_cost_capacity,2016-02,6710,14,11,17,0.7857142857142857,41.72876304023845,4.172876304023845,False
D00121,2016,rf_variables_revisadas,base_min_cost_capacity,2016-03,7481,19,13,18,0.6842105263157895,41.43831038631199,4.143831038631199,False
D00121,2016,rf_variables_revisadas,base_min_cost_capacity,2016-04,7160,19,7,29,0.3684210526315789,50.279329608938546,5.027932960893854,True
D00121,2016,rf_variables_revisadas,base_min_cost_capacity,2016-05,7542,18,13,14,0.7222222222222222,35.79952267303103,3.5799522673031032,False
D00121,2016,rf_variables_revisadas,base_min_cost_capacity,2016-06,7329,9,4,24,0.4444444444444444,38.2043935052531,3.82043935052531,False
D00121,2016,rf_variables_revisadas,base_min_cost_capacity,2016-07,7442,18,12,18,0.6666666666666666,40.3117441547971,4.031174415479709,False
D00121,2016,rf_variables_revisadas,base_min_cost_capacity,2016-08,7405,26,20,17,0.7692307692307693,49.966239027684,4.9966239027684,False
D00121,2016,rf_variables_revisadas,base_min_cost_capacity,2016-09,7209,16,10,20,0.625,41.61464835622139,4.161464835622139,False
D00121,2016,rf_variables_revisadas,base_min_cost_capacity,2016-10,7362,14,13,22,0.9285714285714286,47.541428959521866,4.754142895952187,False
D00121,2016,rf_variables_revisadas,base_min_cost_capacity,2016-11,7273,14,9,17,0.6428571428571429,35.748659425271555,3.5748659425271554,False
D00121,2016,rf_variables_revisadas,base_min_cost_capacity,2016-12,7430,16,13,14,0.8125,36.33916554508748,3.6339165545087484,False
D00124,2016,rf_variables_revisadas,f1_same_model_reference,2016-01,7442,43,24,4,0.5581395348837209,37.624294544477294,3.7624294544477292,False
D00124,2016,rf_variables_revisadas,f1_same_model_reference,2016-02,6710,14,8,2,0.5714285714285714,14.903129657228018,1.4903129657228016,False
D00124,2016,rf_variables_revisadas,f1_same_model_reference,2016-03,7481,19,11,4,0.5789473684210527,20.05079534821548,2.005079534821548,False
D00124,2016,rf_variables_revisadas,f1_same_model_reference,2016-04,7160,19,4,6,0.21052631578947367,13.966480446927374,1.3966480446927372,False
D00124,2016,rf_variables_revisadas,f1_same_model_reference,2016-05,7542,18,9,5,0.5,18.56271546009016,1.856271546009016,False
D00124,2016,rf_variables_revisadas,f1_same_model_reference,2016-06,7329,9,4,4,0.4444444444444444,10.915541001500888,1.0915541001500888,False
D00124,2016,rf_variables_revisadas,f1_same_model_reference,2016-07,7442,18,9,1,0.5,13.437248051599033,1.3437248051599033,False
D00124,2016,rf_variables_revisadas,f1_same_model_reference,2016-08,7405,26,19,2,0.7307692307692307,28.359216745442268,2.8359216745442266,False
D00124,2016,rf_variables_revisadas,f1_same_model_reference,2016-09,7209,16,8,3,0.5,15.258704397281177,1.5258704397281175,False
D00124,2016,rf_variables_revisadas,f1_same_model_reference,2016-10,7362,14,8,3,0.5714285714285714,14.941591958706873,1.4941591958706872,False
D00124,2016,rf_variables_revisadas,f1_same_model_reference,2016-11,7273,14,8,5,0.5714285714285714,17.874329712635777,1.7874329712635777,False
D00124,2016,rf_variables_revisadas,f1_same_model_reference,2016-12,7430,16,12,0,0.75,16.150740242261104,1.6150740242261103,False
D00196,2019,rf_actualizado,base_min_cost_capacity,2019-01,7361,11,1,10,0.09090909090909091,14.943621790517593,1.4943621790517592,False
D00196,2019,rf_actualizado,base_min_cost_capacity,2019-02,6669,13,0,5,0.0,7.49737591842855,0.749737591842855,False
D00196,2019,rf_actualizado,base_min_cost_capacity,2019-03,7462,13,1,22,0.07692307692307693,30.822835700884482,3.0822835700884483,False
D00196,2019,rf_actualizado,base_min_cost_capacity,2019-04,7156,10,1,23,0.1,33.53828954723309,3.3538289547233093,False
D00196,2019,rf_actualizado,base_min_cost_capacity,2019-05,7524,15,2,20,0.13333333333333333,29.239766081871345,2.923976608187134,False
D00196,2019,rf_actualizado,base_min_cost_capacity,2019-06,7305,7,1,19,0.14285714285714285,27.378507871321013,2.7378507871321016,False
D00196,2019,rf_actualizado,base_min_cost_capacity,2019-07,7544,10,1,18,0.1,25.18557794273595,2.5185577942735953,False
D00196,2019,rf_actualizado,base_min_cost_capacity,2019-08,7614,18,3,20,0.16666666666666666,30.207512477016024,3.0207512477016025,False
D00196,2019,rf_actualizado,base_min_cost_capacity,2019-09,7396,7,1,8,0.14285714285714285,12.16873985938345,1.216873985938345,False
D00196,2019,rf_actualizado,base_min_cost_capacity,2019-10,7417,19,1,15,0.05263157894736842,21.572064176890926,2.157206417689092,False
D00199,2019,rf_actualizado,f1_same_model_reference,2019-01,7361,11,1,8,0.09090909090909091,12.226599646787122,1.2226599646787122,False
D00199,2019,rf_actualizado,f1_same_model_reference,2019-02,6669,13,0,5,0.0,7.49737591842855,0.749737591842855,False
D00199,2019,rf_actualizado,f1_same_model_reference,2019-03,7462,13,1,18,0.07692307692307693,25.46234253551327,2.5462342535513267,False
D00199,2019,rf_actualizado,f1_same_model_reference,2019-04,7156,10,1,18,0.1,26.551145891559532,2.655114589155953,False
D00199,2019,rf_actualizado,f1_same_model_reference,2019-05,7524,15,2,19,0.13333333333333333,27.91068580542265,2.791068580542265,False
D00199,2019,rf_actualizado,f1_same_model_reference,2019-06,7305,7,1,12,0.14285714285714285,17.796030116358658,1.7796030116358659,False
D00199,2019,rf_actualizado,f1_same_model_reference,2019-07,7544,10,0,17,0.0,22.534464475079535,2.2534464475079536,False
D00199,2019,rf_actualizado,f1_same_model_reference,2019-08,7614,18,3,18,0.16666666666666666,27.580772261623327,2.758077226162333,False
D00199,2019,rf_actualizado,f1_same_model_reference,2019-09,7396,7,1,4,0.14285714285714285,6.760411032990806,0.6760411032990806,False
D00199,2019,rf_actualizado,f1_same_model_reference,2019-10,7417,19,1,12,0.05263157894736842,17.527302143723876,1.7527302143723877,False
