evaluation_year,strategy,policy,cost_fn,cost_fp,threshold,tp,fp,fn,tn,rows,precision,recall,f1,alerts,alerts_per_10000,fp_per_10000,cost,cost_per_10000,average_precision,roc_auc
2015,sin_balanceo,costo,5,1,0.164467250955841,82,7748,108,80132,88070,0.010472541507024266,0.43157894736842106,0.020448877805486283,7830,889.0655160667651,879.7547405472919,8288,941.0696037243102,0.3758950793807244,0.8022092326857198
2015,sin_balanceo,f1_validacion,5,1,0.164467250955841,82,7748,108,80132,88070,0.010472541507024266,0.43157894736842106,0.020448877805486283,7830,889.0655160667651,879.7547405472919,8288,941.0696037243102,0.3758950793807244,0.8022092326857198
2015,sin_balanceo,referencia_007217143,5,1,0.07217143,102,17196,88,70684,88070,0.005896635449184877,0.5368421052631579,0.011665141811527904,17298,1964.1194504371522,1952.537754059271,17636,2002.4980129442488,0.3758950793807244,0.8022092326857198
2015,sin_balanceo,costo,10,1,0.04657407529033146,111,20848,79,67032,88070,0.005296054201059211,0.5842105263157895,0.01049695021041184,20959,2379.811513568752,2367.2079028045873,21638,2456.9092767117063,0.3758950793807244,0.8022092326857198
2015,sin_balanceo,f1_validacion,10,1,0.164467250955841,82,7748,108,80132,88070,0.010472541507024266,0.43157894736842106,0.020448877805486283,7830,889.0655160667651,879.7547405472919,8828,1002.3844669013284,0.3758950793807244,0.8022092326857198
2015,sin_balanceo,referencia_007217143,10,1,0.07217143,102,17196,88,70684,88070,0.005896635449184877,0.5368421052631579,0.011665141811527904,17298,1964.1194504371522,1952.537754059271,18076,2052.4582718292268,0.3758950793807244,0.8022092326857198
2015,sin_balanceo,costo,25,1,0.04657407529033146,111,20848,79,67032,88070,0.005296054201059211,0.5842105263157895,0.01049695021041184,20959,2379.811513568752,2367.2079028045873,22823,2591.4613375723857,0.3758950793807244,0.8022092326857198
2015,sin_balanceo,f1_validacion,25,1,0.164467250955841,82,7748,108,80132,88070,0.010472541507024266,0.43157894736842106,0.020448877805486283,7830,889.0655160667651,879.7547405472919,10448,1186.3290564323834,0.3758950793807244,0.8022092326857198
2015,sin_balanceo,referencia_007217143,25,1,0.07217143,102,17196,88,70684,88070,0.005896635449184877,0.5368421052631579,0.011665141811527904,17298,1964.1194504371522,1952.537754059271,19396,2202.3390484841602,0.3758950793807244,0.8022092326857198
2015,sin_balanceo,costo,50,1,0.03486747089269901,118,22432,72,65448,88070,0.005232815964523282,0.6210526315789474,0.010378188214599824,22550,2560.463267855115,2547.0648347905076,26032,2955.830589303963,0.3758950793807244,0.8022092326857198
2015,sin_balanceo,f1_validacion,50,1,0.164467250955841,82,7748,108,80132,88070,0.010472541507024266,0.43157894736842106,0.020448877805486283,7830,889.0655160667651,879.7547405472919,13148,1492.9033723174748,0.3758950793807244,0.8022092326857198
2015,sin_balanceo,referencia_007217143,50,1,0.07217143,102,17196,88,70684,88070,0.005896635449184877,0.5368421052631579,0.011665141811527904,17298,1964.1194504371522,1952.537754059271,21596,2452.1403429090497,0.3758950793807244,0.8022092326857198
2015,sin_balanceo,costo,100,1,0.016519726771066157,126,24658,64,63222,88070,0.005083925112976113,0.6631578947368421,0.010090494113878433,24784,2814.1251277392985,2799.818326331327,31058,3526.513001021914,0.3758950793807244,0.8022092326857198
2015,sin_balanceo,f1_validacion,100,1,0.164467250955841,82,7748,108,80132,88070,0.010472541507024266,0.43157894736842106,0.020448877805486283,7830,889.0655160667651,879.7547405472919,18548,2106.0520040876577,0.3758950793807244,0.8022092326857198
2015,sin_balanceo,referencia_007217143,100,1,0.07217143,102,17196,88,70684,88070,0.005896635449184877,0.5368421052631579,0.011665141811527904,17298,1964.1194504371522,1952.537754059271,25996,2951.7429317588285,0.3758950793807244,0.8022092326857198
2015,submuestreo,costo,5,1,0.7609461698786175,14,11,176,87869,88070,0.56,0.07368421052631578,0.13023255813953488,25,2.8386510730101056,1.2490064721244465,891,101.16952424208016,0.22737454612535676,0.9064959993292289
2015,submuestreo,f1_validacion,5,1,0.7609461698786175,14,11,176,87869,88070,0.56,0.07368421052631578,0.13023255813953488,25,2.8386510730101056,1.2490064721244465,891,101.16952424208016,0.22737454612535676,0.9064959993292289
2015,submuestreo,referencia_007217143,5,1,0.07217143,177,73291,13,14589,88070,0.0024092121740077314,0.9315789473684211,0.0048059952754622715,73468,8342.000681276257,8321.903031679345,73356,8329.283524469172,0.22737454612535676,0.9064959993292289
2015,submuestreo,costo,10,1,0.7609461698786175,14,11,176,87869,88070,0.56,0.07368421052631578,0.13023255813953488,25,2.8386510730101056,1.2490064721244465,1771,201.0900420120359,0.22737454612535676,0.9064959993292289
2015,submuestreo,f1_validacion,10,1,0.7609461698786175,14,11,176,87869,88070,0.56,0.07368421052631578,0.13023255813953488,25,2.8386510730101056,1.2490064721244465,1771,201.0900420120359,0.22737454612535676,0.9064959993292289
2015,submuestreo,referencia_007217143,10,1,0.07217143,177,73291,13,14589,88070,0.0024092121740077314,0.9315789473684211,0.0048059952754622715,73468,8342.000681276257,8321.903031679345,73421,8336.664017259,0.22737454612535676,0.9064959993292289
2015,submuestreo,costo,25,1,0.6227897826602833,73,247,117,87633,88070,0.228125,0.38421052631578945,0.28627450980392155,320,36.33473373452935,28.045872601339845,3172,360.1680481435222,0.22737454612535676,0.9064959993292289
2015,submuestreo,f1_validacion,25,1,0.7609461698786175,14,11,176,87869,88070,0.56,0.07368421052631578,0.13023255813953488,25,2.8386510730101056,1.2490064721244465,4411,500.851595321903,0.22737454612535676,0.9064959993292289
2015,submuestreo,referencia_007217143,25,1,0.07217143,177,73291,13,14589,88070,0.0024092121740077314,0.9315789473684211,0.0048059952754622715,73468,8342.000681276257,8321.903031679345,73616,8358.805495628478,0.22737454612535676,0.9064959993292289
2015,submuestreo,costo,50,1,0.6227897826602833,73,247,117,87633,88070,0.228125,0.38421052631578945,0.28627450980392155,320,36.33473373452935,28.045872601339845,6097,692.2902236857045,0.22737454612535676,0.9064959993292289
2015,submuestreo,f1_validacion,50,1,0.7609461698786175,14,11,176,87869,88070,0.56,0.07368421052631578,0.13023255813953488,25,2.8386510730101056,1.2490064721244465,8811,1000.4541841716816,0.22737454612535676,0.9064959993292289
2015,submuestreo,referencia_007217143,50,1,0.07217143,177,73291,13,14589,88070,0.0024092121740077314,0.9315789473684211,0.0048059952754622715,73468,8342.000681276257,8321.903031679345,73941,8395.707959577609,0.22737454612535676,0.9064959993292289
2015,submuestreo,costo,100,1,0.4045232249940877,139,3212,51,84668,88070,0.04148015517755894,0.7315789473684211,0.0785088957921491,3351,380.49278982627453,364.70988986033836,8312,943.7947087544,0.22737454612535676,0.9064959993292289
2015,submuestreo,f1_validacion,100,1,0.7609461698786175,14,11,176,87869,88070,0.56,0.07368421052631578,0.13023255813953488,25,2.8386510730101056,1.2490064721244465,17611,1999.6593618712388,0.22737454612535676,0.9064959993292289
2015,submuestreo,referencia_007217143,100,1,0.07217143,177,73291,13,14589,88070,0.0024092121740077314,0.9315789473684211,0.0048059952754622715,73468,8342.000681276257,8321.903031679345,74591,8469.512887475872,0.22737454612535676,0.9064959993292289
2015,smotenc,costo,5,1,0.724887642176321,14,14,176,87866,88070,0.5,0.07368421052631578,0.12844036697247707,28,3.179289201771318,1.589644600885659,894,101.51016237084137,0.2103776303506985,0.8862914141293151
2015,smotenc,f1_validacion,5,1,0.5768130043177482,56,153,134,87727,88070,0.2679425837320574,0.29473684210526313,0.2807017543859649,209,23.73112297036448,17.372544566821848,823,93.44839332349267,0.2103776303506985,0.8862914141293151
2015,smotenc,referencia_007217143,5,1,0.07217143,175,69529,15,18351,88070,0.0025106163204407206,0.9210526315789473,0.005007582911265631,69704,7914.613375723856,7894.742818212785,69604,7903.258771431816,0.2103776303506985,0.8862914141293151
2015,smotenc,costo,10,1,0.724887642176321,14,14,176,87866,88070,0.5,0.07368421052631578,0.12844036697247707,28,3.179289201771318,1.589644600885659,1774,201.4306801407971,0.2103776303506985,0.8862914141293151
2015,smotenc,f1_validacion,10,1,0.5768130043177482,56,153,134,87727,88070,0.2679425837320574,0.29473684210526313,0.2807017543859649,209,23.73112297036448,17.372544566821848,1493,169.5242420801635,0.2103776303506985,0.8862914141293151
2015,smotenc,referencia_007217143,10,1,0.07217143,175,69529,15,18351,88070,0.0025106163204407206,0.9210526315789473,0.005007582911265631,69704,7914.613375723856,7894.742818212785,69679,7911.774724650846,0.2103776303506985,0.8862914141293151
2015,smotenc,costo,25,1,0.4891252344088401,87,364,103,87516,88070,0.19290465631929046,0.45789473684210524,0.2714508580343214,451,51.2092653571023,41.330759623027134,2939,333.711820143068,0.2103776303506985,0.8862914141293151
2015,smotenc,f1_validacion,25,1,0.5768130043177482,56,153,134,87727,88070,0.2679425837320574,0.29473684210526313,0.2807017543859649,209,23.73112297036448,17.372544566821848,3503,397.75178835017596,0.2103776303506985,0.8862914141293151
2015,smotenc,referencia_007217143,25,1,0.07217143,175,69529,15,18351,88070,0.0025106163204407206,0.9210526315789473,0.005007582911265631,69704,7914.613375723856,7894.742818212785,69904,7937.322584307936,0.2103776303506985,0.8862914141293151
2015,smotenc,costo,50,1,0.45323293308445506,102,511,88,87369,88070,0.16639477977161501,0.5368421052631579,0.25404732254047324,613,69.6037243102078,58.02202793232656,4911,557.6246167821051,0.2103776303506985,0.8862914141293151
2015,smotenc,f1_validacion,50,1,0.5768130043177482,56,153,134,87727,88070,0.2679425837320574,0.29473684210526313,0.2807017543859649,209,23.73112297036448,17.372544566821848,6853,778.1310321335301,0.2103776303506985,0.8862914141293151
2015,smotenc,referencia_007217143,50,1,0.07217143,175,69529,15,18351,88070,0.0025106163204407206,0.9210526315789473,0.005007582911265631,69704,7914.613375723856,7894.742818212785,70279,7979.902350403088,0.2103776303506985,0.8862914141293151
2015,smotenc,costo,100,1,0.3854012022840137,123,944,67,86936,88070,0.11527647610121837,0.6473684210526316,0.1957040572792363,1067,121.1536277960713,107.18746451686158,7644,867.9459520835699,0.2103776303506985,0.8862914141293151
2015,smotenc,f1_validacion,100,1,0.5768130043177482,56,153,134,87727,88070,0.2679425837320574,0.29473684210526313,0.2807017543859649,209,23.73112297036448,17.372544566821848,13553,1538.8895197002385,0.2103776303506985,0.8862914141293151
2015,smotenc,referencia_007217143,100,1,0.07217143,175,69529,15,18351,88070,0.0025106163204407206,0.9210526315789473,0.005007582911265631,69704,7914.613375723856,7894.742818212785,71029,8065.061882593392,0.2103776303506985,0.8862914141293151
2015,pesos_clase,costo,5,1,0.8187729943545314,20,7,170,87873,88070,0.7407407407407407,0.10526315789473684,0.18433179723502305,27,3.065743158850914,0.7948223004428295,857,97.30895878278642,0.27094713137740284,0.9068417459214718
2015,pesos_clase,f1_validacion,5,1,0.7159845724600464,52,102,138,87778,88070,0.33766233766233766,0.2736842105263158,0.3023255813953488,154,17.486090609742252,11.581696377881231,792,89.92846599296014,0.27094713137740284,0.9068417459214718
2015,pesos_clase,referencia_007217143,5,1,0.07217143,175,73310,15,14570,88070,0.0023814383887868274,0.9210526315789473,0.004750593824228029,73485,8343.930964005904,8324.060406494833,73385,8332.576359713863,0.27094713137740284,0.9068417459214718
2015,pesos_clase,costo,10,1,0.7159845724600464,52,102,138,87778,88070,0.33766233766233766,0.2736842105263158,0.3023255813953488,154,17.486090609742252,11.581696377881231,1482,168.27523560803908,0.27094713137740284,0.9068417459214718
2015,pesos_clase,f1_validacion,10,1,0.7159845724600464,52,102,138,87778,88070,0.33766233766233766,0.2736842105263158,0.3023255813953488,154,17.486090609742252,11.581696377881231,1482,168.27523560803908,0.27094713137740284,0.9068417459214718
2015,pesos_clase,referencia_007217143,10,1,0.07217143,175,73310,15,14570,88070,0.0023814383887868274,0.9210526315789473,0.004750593824228029,73485,8343.930964005904,8324.060406494833,73460,8341.092312932895,0.27094713137740284,0.9068417459214718
2015,pesos_clase,costo,25,1,0.5580218253084854,115,561,75,87319,88070,0.17011834319526628,0.6052631578947368,0.26558891454965355,676,76.75712501419325,63.69933007834677,2436,276.5981605541047,0.27094713137740284,0.9068417459214718
2015,pesos_clase,f1_validacion,25,1,0.7159845724600464,52,102,138,87778,88070,0.33766233766233766,0.2736842105263158,0.3023255813953488,154,17.486090609742252,11.581696377881231,3552,403.3155444532758,0.27094713137740284,0.9068417459214718
2015,pesos_clase,referencia_007217143,25,1,0.07217143,175,73310,15,14570,88070,0.0023814383887868274,0.9210526315789473,0.004750593824228029,73485,8343.930964005904,8324.060406494833,73685,8366.640172589985,0.27094713137740284,0.9068417459214718
2015,pesos_clase,costo,50,1,0.5580218253084854,115,561,75,87319,88070,0.17011834319526628,0.6052631578947368,0.26558891454965355,676,76.75712501419325,63.69933007834677,4311,489.49699102986256,0.27094713137740284,0.9068417459214718
2015,pesos_clase,f1_validacion,50,1,0.7159845724600464,52,102,138,87778,88070,0.33766233766233766,0.2736842105263158,0.3023255813953488,154,17.486090609742252,11.581696377881231,7002,795.0493925286704,0.27094713137740284,0.9068417459214718
2015,pesos_clase,referencia_007217143,50,1,0.07217143,175,73310,15,14570,88070,0.0023814383887868274,0.9210526315789473,0.004750593824228029,73485,8343.930964005904,8324.060406494833,74060,8409.219938685137,0.27094713137740284,0.9068417459214718
2015,pesos_clase,costo,100,1,0.5580218253084854,115,561,75,87319,88070,0.17011834319526628,0.6052631578947368,0.26558891454965355,676,76.75712501419325,63.69933007834677,8061,915.2946519813785,0.27094713137740284,0.9068417459214718
2015,pesos_clase,f1_validacion,100,1,0.7159845724600464,52,102,138,87778,88070,0.33766233766233766,0.2736842105263158,0.3023255813953488,154,17.486090609742252,11.581696377881231,13902,1578.5170886794594,0.27094713137740284,0.9068417459214718
2015,pesos_clase,referencia_007217143,100,1,0.07217143,175,73310,15,14570,88070,0.0023814383887868274,0.9210526315789473,0.004750593824228029,73485,8343.930964005904,8324.060406494833,74810,8494.379470875441,0.27094713137740284,0.9068417459214718
2016,sin_balanceo,costo,5,1,0.29884679655198515,73,3,153,87556,87785,0.9605263157894737,0.3230088495575221,0.48344370860927155,76,8.657515520874865,0.3417440337187447,768,87.48647263199862,0.3288894059747025,0.8073729703571813
2016,sin_balanceo,f1_validacion,5,1,0.29884679655198515,73,3,153,87556,87785,0.9605263157894737,0.3230088495575221,0.48344370860927155,76,8.657515520874865,0.3417440337187447,768,87.48647263199862,0.3288894059747025,0.8073729703571813
2016,sin_balanceo,referencia_007217143,5,1,0.07217143,122,19465,104,68094,87785,0.00622862102414867,0.5398230088495575,0.012315146620905467,19587,2231.246796149684,2217.3492054451217,19985,2276.584837956371,0.3288894059747025,0.8073729703571813
2016,sin_balanceo,costo,10,1,0.2894350813463686,73,13,153,87546,87785,0.8488372093023255,0.3230088495575221,0.46794871794871795,86,9.796662299937347,1.4808908127812268,1543,175.77034800934103,0.3288894059747025,0.8073729703571813
2016,sin_balanceo,f1_validacion,10,1,0.29884679655198515,73,3,153,87556,87785,0.9605263157894737,0.3230088495575221,0.48344370860927155,76,8.657515520874865,0.3417440337187447,1533,174.6312012302785,0.3288894059747025,0.8073729703571813
2016,sin_balanceo,referencia_007217143,10,1,0.07217143,122,19465,104,68094,87785,0.00622862102414867,0.5398230088495575,0.012315146620905467,19587,2231.246796149684,2217.3492054451217,20505,2335.8204704676195,0.3288894059747025,0.8073729703571813
2016,sin_balanceo,costo,25,1,0.28233452434572937,73,44,153,87515,87785,0.6239316239316239,0.3230088495575221,0.42565597667638483,117,13.328017315031042,5.012245827874922,3869,440.73588881927435,0.3288894059747025,0.8073729703571813
2016,sin_balanceo,f1_validacion,25,1,0.29884679655198515,73,3,153,87556,87785,0.9605263157894737,0.3230088495575221,0.48344370860927155,76,8.657515520874865,0.3417440337187447,3828,436.0653870251182,0.3288894059747025,0.8073729703571813
2016,sin_balanceo,referencia_007217143,25,1,0.07217143,122,19465,104,68094,87785,0.00622862102414867,0.5398230088495575,0.012315146620905467,19587,2231.246796149684,2217.3492054451217,22065,2513.527368001367,0.3288894059747025,0.8073729703571813
2016,sin_balanceo,costo,50,1,0.26697187989342924,73,193,153,87366,87785,0.2744360902255639,0.3230088495575221,0.2967479674796748,266,30.301304323062027,21.985532835905907,7843,893.4328188187047,0.3288894059747025,0.8073729703571813
2016,sin_balanceo,f1_validacion,50,1,0.29884679655198515,73,3,153,87556,87785,0.9605263157894737,0.3230088495575221,0.48344370860927155,76,8.657515520874865,0.3417440337187447,7653,871.7890300165176,0.3288894059747025,0.8073729703571813
2016,sin_balanceo,referencia_007217143,50,1,0.07217143,122,19465,104,68094,87785,0.00622862102414867,0.5398230088495575,0.012315146620905467,19587,2231.246796149684,2217.3492054451217,24665,2809.7055305576123,0.3288894059747025,0.8073729703571813
2016,sin_balanceo,costo,100,1,0.26697187989342924,73,193,153,87366,87785,0.2744360902255639,0.3230088495575221,0.2967479674796748,266,30.301304323062027,21.985532835905907,15493,1764.8801048015036,0.3288894059747025,0.8073729703571813
2016,sin_balanceo,f1_validacion,100,1,0.29884679655198515,73,3,153,87556,87785,0.9605263157894737,0.3230088495575221,0.48344370860927155,76,8.657515520874865,0.3417440337187447,15303,1743.2363159993163,0.3288894059747025,0.8073729703571813
2016,sin_balanceo,referencia_007217143,100,1,0.07217143,122,19465,104,68094,87785,0.00622862102414867,0.5398230088495575,0.012315146620905467,19587,2231.246796149684,2217.3492054451217,29865,3402.0618556701033,0.3288894059747025,0.8073729703571813
2016,submuestreo,costo,5,1,0.6082247787236276,76,136,150,87423,87785,0.3584905660377358,0.336283185840708,0.3470319634703196,212,24.149911716124624,15.492396195249757,886,100.92840462493592,0.27891757591314936,0.9157471265645708
2016,submuestreo,f1_validacion,5,1,0.6082247787236276,76,136,150,87423,87785,0.3584905660377358,0.336283185840708,0.3470319634703196,212,24.149911716124624,15.492396195249757,886,100.92840462493592,0.27891757591314936,0.9157471265645708
2016,submuestreo,referencia_007217143,5,1,0.07217143,215,72709,11,14850,87785,0.00294827491635127,0.9513274336283186,0.0058783321941216675,72924,8307.113971635245,8282.622315885403,72764,8288.887623170245,0.27891757591314936,0.9157471265645708
2016,submuestreo,costo,10,1,0.5375463996969455,112,382,114,87177,87785,0.22672064777327935,0.49557522123893805,0.3111111111111111,494,56.27385088568662,43.51540696018682,1522,173.3781397733098,0.27891757591314936,0.9157471265645708
2016,submuestreo,f1_validacion,10,1,0.6082247787236276,76,136,150,87423,87785,0.3584905660377358,0.336283185840708,0.3470319634703196,212,24.149911716124624,15.492396195249757,1636,186.36441305462208,0.27891757591314936,0.9157471265645708
2016,submuestreo,referencia_007217143,10,1,0.07217143,215,72709,11,14850,87785,0.00294827491635127,0.9513274336283186,0.0058783321941216675,72924,8307.113971635245,8282.622315885403,72819,8295.15293045509,0.27891757591314936,0.9157471265645708
2016,submuestreo,costo,25,1,0.5189304084629085,123,484,103,87075,87785,0.2026359143327842,0.5442477876106194,0.29531812725090034,607,69.14620948909267,55.13470410662414,3059,348.4649997152133,0.27891757591314936,0.9157471265645708
2016,submuestreo,f1_validacion,25,1,0.6082247787236276,76,136,150,87423,87785,0.3584905660377358,0.336283185840708,0.3470319634703196,212,24.149911716124624,15.492396195249757,3886,442.6724383436806,0.27891757591314936,0.9157471265645708
2016,submuestreo,referencia_007217143,25,1,0.07217143,215,72709,11,14850,87785,0.00294827491635127,0.9513274336283186,0.0058783321941216675,72924,8307.113971635245,8282.622315885403,72984,8313.94885230962,0.27891757591314936,0.9157471265645708
2016,submuestreo,costo,50,1,0.43272419993629385,148,1358,78,86201,87785,0.09827357237715803,0.6548672566371682,0.17090069284064666,1506,171.55550492680982,154.6961325966851,5258,598.9633764310531,0.27891757591314936,0.9157471265645708
2016,submuestreo,f1_validacion,50,1,0.6082247787236276,76,136,150,87423,87785,0.3584905660377358,0.336283185840708,0.3470319634703196,212,24.149911716124624,15.492396195249757,7636,869.8524804921113,0.27891757591314936,0.9157471265645708
2016,submuestreo,referencia_007217143,50,1,0.07217143,215,72709,11,14850,87785,0.00294827491635127,0.9513274336283186,0.0058783321941216675,72924,8307.113971635245,8282.622315885403,73259,8345.275388733839,0.27891757591314936,0.9157471265645708
2016,submuestreo,costo,100,1,0.4065517191864897,161,1825,65,85734,87785,0.081067472306143,0.7123893805309734,0.14556962025316456,1986,226.23455032180897,207.894287178903,8325,948.3396935695164,0.27891757591314936,0.9157471265645708
2016,submuestreo,f1_validacion,100,1,0.6082247787236276,76,136,150,87423,87785,0.3584905660377358,0.336283185840708,0.3470319634703196,212,24.149911716124624,15.492396195249757,15136,1724.2125647889732,0.27891757591314936,0.9157471265645708
2016,submuestreo,referencia_007217143,100,1,0.07217143,215,72709,11,14850,87785,0.00294827491635127,0.9513274336283186,0.0058783321941216675,72924,8307.113971635245,8282.622315885403,73809,8407.928461582274,0.27891757591314936,0.9157471265645708
2016,smotenc,costo,5,1,0.5708684424065286,63,135,163,87424,87785,0.3181818181818182,0.27876106194690264,0.2971698113207547,198,22.555106225437147,15.37848151734351,950,108.2189440109358,0.2195634323204813,0.8782765138288042
2016,smotenc,f1_validacion,5,1,0.5679413660812306,64,142,162,87417,87785,0.3106796116504854,0.2831858407079646,0.2962962962962963,206,23.466423648687133,16.175884262687248,952,108.4467733667483,0.2195634323204813,0.8782765138288042
2016,smotenc,referencia_007217143,5,1,0.07217143,210,68539,16,19020,87785,0.003054589884943781,0.9292035398230089,0.006089162740123233,68749,7831.520191376659,7807.598109016347,68619,7816.7112832488465,0.2195634323204813,0.8782765138288042
2016,smotenc,costo,10,1,0.5271774704782441,89,241,137,87318,87785,0.2696969696969697,0.3938053097345133,0.32014388489208634,330,37.59184370906191,27.45343737540582,1611,183.51654610696588,0.2195634323204813,0.8782765138288042
2016,smotenc,f1_validacion,10,1,0.5679413660812306,64,142,162,87417,87785,0.3106796116504854,0.2831858407079646,0.2962962962962963,206,23.466423648687133,16.175884262687248,1762,200.71766247080936,0.2195634323204813,0.8782765138288042
2016,smotenc,referencia_007217143,10,1,0.07217143,210,68539,16,19020,87785,0.003054589884943781,0.9292035398230089,0.006089162740123233,68749,7831.520191376659,7807.598109016347,68699,7825.824457481346,0.2195634323204813,0.8782765138288042
2016,smotenc,costo,25,1,0.4044515371415137,132,732,94,86827,87785,0.1527777777777778,0.584070796460177,0.24220183486238533,864,98.42228171099846,83.3855442273737,3082,351.085037307057,0.2195634323204813,0.8782765138288042
2016,smotenc,f1_validacion,25,1,0.5679413660812306,64,142,162,87417,87785,0.3106796116504854,0.2831858407079646,0.2962962962962963,206,23.466423648687133,16.175884262687248,4192,477.53032978299257,0.2195634323204813,0.8782765138288042
2016,smotenc,referencia_007217143,25,1,0.07217143,210,68539,16,19020,87785,0.003054589884943781,0.9292035398230089,0.006089162740123233,68749,7831.520191376659,7807.598109016347,68939,7853.163980178845,0.2195634323204813,0.8782765138288042
2016,smotenc,costo,50,1,0.35343942629515934,154,1093,72,86466,87785,0.12349639133921411,0.6814159292035398,0.2090970807875085,1247,142.05160334909152,124.5087429515293,4693,534.6015834140229,0.2195634323204813,0.8782765138288042
2016,smotenc,f1_validacion,50,1,0.5679413660812306,64,142,162,87417,87785,0.3106796116504854,0.2831858407079646,0.2962962962962963,206,23.466423648687133,16.175884262687248,8242,938.8847753032978,0.2195634323204813,0.8782765138288042
2016,smotenc,referencia_007217143,50,1,0.07217143,210,68539,16,19020,87785,0.003054589884943781,0.9292035398230089,0.006089162740123233,68749,7831.520191376659,7807.598109016347,69339,7898.729851341345,0.2195634323204813,0.8782765138288042
2016,smotenc,costo,100,1,0.3361464668481483,158,1378,68,86181,87785,0.10286458333333333,0.6991150442477876,0.1793416572077185,1536,174.97294526399727,156.97442615481006,8178,931.594235917298,0.2195634323204813,0.8782765138288042
2016,smotenc,f1_validacion,100,1,0.5679413660812306,64,142,162,87417,87785,0.3106796116504854,0.2831858407079646,0.2962962962962963,206,23.466423648687133,16.175884262687248,16342,1861.5936663439084,0.2195634323204813,0.8782765138288042
2016,smotenc,referencia_007217143,100,1,0.07217143,210,68539,16,19020,87785,0.003054589884943781,0.9292035398230089,0.006089162740123233,68749,7831.520191376659,7807.598109016347,70139,7989.861593666345,0.2195634323204813,0.8782765138288042
2016,pesos_clase,costo,5,1,0.7034533354090238,66,142,160,87417,87785,0.3173076923076923,0.2920353982300885,0.30414746543778803,208,23.69425300449963,16.175884262687248,942,107.30762658768583,0.24991894423517483,0.9143910750647326
2016,pesos_clase,f1_validacion,5,1,0.7034533354090238,66,142,160,87417,87785,0.3173076923076923,0.2920353982300885,0.30414746543778803,208,23.69425300449963,16.175884262687248,942,107.30762658768583,0.24991894423517483,0.9143910750647326
2016,pesos_clase,referencia_007217143,5,1,0.07217143,214,72719,12,14840,87785,0.002934199882083556,0.9469026548672567,0.005850271326836069,72933,8308.139203736402,8283.761462664464,72779,8290.596343338839,0.24991894423517483,0.9143910750647326
2016,pesos_clase,costo,10,1,0.6678321622439813,79,217,147,87342,87785,0.2668918918918919,0.3495575221238938,0.30268199233716475,296,33.71874466024947,24.719485105655863,1687,192.17406162784073,0.24991894423517483,0.9143910750647326
2016,pesos_clase,f1_validacion,10,1,0.7034533354090238,66,142,160,87417,87785,0.3173076923076923,0.2920353982300885,0.30414746543778803,208,23.69425300449963,16.175884262687248,1742,198.43936891268442,0.24991894423517483,0.9143910750647326
2016,pesos_clase,referencia_007217143,10,1,0.07217143,214,72719,12,14840,87785,0.002934199882083556,0.9469026548672567,0.005850271326836069,72933,8308.139203736402,8283.761462664464,72839,8297.431224013215,0.24991894423517483,0.9143910750647326
2016,pesos_clase,costo,25,1,0.5583903761054154,149,600,77,86959,87785,0.19893190921228304,0.6592920353982301,0.30564102564102563,749,85.32209375177992,68.34880674374894,2525,287.63456171327675,0.24991894423517483,0.9143910750647326
2016,pesos_clase,f1_validacion,25,1,0.7034533354090238,66,142,160,87417,87785,0.3173076923076923,0.2920353982300885,0.30414746543778803,208,23.69425300449963,16.175884262687248,4142,471.8345958876801,0.24991894423517483,0.9143910750647326
2016,pesos_clase,referencia_007217143,25,1,0.07217143,214,72719,12,14840,87785,0.002934199882083556,0.9469026548672567,0.005850271326836069,72933,8308.139203736402,8283.761462664464,73019,8317.93586603634,0.24991894423517483,0.9143910750647326
2016,pesos_clase,costo,50,1,0.49283468672465014,169,1339,57,86220,87785,0.11206896551724138,0.7477876106194691,0.19492502883506344,1508,171.78333428262232,152.53175371646637,4189,477.1885857492738,0.24991894423517483,0.9143910750647326
2016,pesos_clase,f1_validacion,50,1,0.7034533354090238,66,142,160,87417,87785,0.3173076923076923,0.2920353982300885,0.30414746543778803,208,23.69425300449963,16.175884262687248,8142,927.493307512673,0.24991894423517483,0.9143910750647326
2016,pesos_clase,referencia_007217143,50,1,0.07217143,214,72719,12,14840,87785,0.002934199882083556,0.9469026548672567,0.005850271326836069,72933,8308.139203736402,8283.761462664464,73319,8352.110269408213,0.24991894423517483,0.9143910750647326
2016,pesos_clase,costo,100,1,0.49283468672465014,169,1339,57,86220,87785,0.11206896551724138,0.7477876106194691,0.19492502883506344,1508,171.78333428262232,152.53175371646637,7039,801.8454177820812,0.24991894423517483,0.9143910750647326
2016,pesos_clase,f1_validacion,100,1,0.7034533354090238,66,142,160,87417,87785,0.3173076923076923,0.2920353982300885,0.30414746543778803,208,23.69425300449963,16.175884262687248,16142,1838.810730762659,0.24991894423517483,0.9143910750647326
2016,pesos_clase,referencia_007217143,100,1,0.07217143,214,72719,12,14840,87785,0.002934199882083556,0.9469026548672567,0.005850271326836069,72933,8308.139203736402,8283.761462664464,73919,8420.459076151963,0.24991894423517483,0.9143910750647326
2019,sin_balanceo,costo,5,1,0.27808460407357033,0,1,123,73324,73448,0.0,0.0,0.0,1,0.13615074610608865,0.13615074610608865,616,83.86885960135062,0.0120375294427629,0.671539171579919
2019,sin_balanceo,f1_validacion,5,1,0.02856111960347755,7,112,116,73213,73448,0.058823529411764705,0.056910569105691054,0.05785123966942149,119,16.201938786624552,15.24888356388193,692,94.21631630541336,0.0120375294427629,0.671539171579919
2019,sin_balanceo,referencia_007217143,5,1,0.07217143,2,22,121,73303,73448,0.08333333333333333,0.016260162601626018,0.027210884353741496,24,3.267617906546128,2.9953164143339506,627,85.3665178085176,0.0120375294427629,0.671539171579919
2019,sin_balanceo,costo,10,1,0.12882591455025527,1,9,122,73316,73448,0.1,0.008130081300813009,0.015037593984962405,10,1.3615074610608866,1.225356714954798,1229,167.32926696438298,0.0120375294427629,0.671539171579919
2019,sin_balanceo,f1_validacion,10,1,0.02856111960347755,7,112,116,73213,73448,0.058823529411764705,0.056910569105691054,0.05785123966942149,119,16.201938786624552,15.24888356388193,1272,173.18374904694477,0.0120375294427629,0.671539171579919
2019,sin_balanceo,referencia_007217143,10,1,0.07217143,2,22,121,73303,73448,0.08333333333333333,0.016260162601626018,0.027210884353741496,24,3.267617906546128,2.9953164143339506,1232,167.73771920270124,0.0120375294427629,0.671539171579919
2019,sin_balanceo,costo,25,1,0.02856111960347755,7,112,116,73213,73448,0.058823529411764705,0.056910569105691054,0.05785123966942149,119,16.201938786624552,15.24888356388193,3012,410.08604727153903,0.0120375294427629,0.671539171579919
2019,sin_balanceo,f1_validacion,25,1,0.02856111960347755,7,112,116,73213,73448,0.058823529411764705,0.056910569105691054,0.05785123966942149,119,16.201938786624552,15.24888356388193,3012,410.08604727153903,0.0120375294427629,0.671539171579919
2019,sin_balanceo,referencia_007217143,25,1,0.07217143,2,22,121,73303,73448,0.08333333333333333,0.016260162601626018,0.027210884353741496,24,3.267617906546128,2.9953164143339506,3047,414.85132338525216,0.0120375294427629,0.671539171579919
2019,sin_balanceo,costo,50,1,0.01667617505728373,11,246,112,73079,73448,0.042801556420233464,0.08943089430894309,0.05789473684210526,257,34.990741749264785,33.493083542097814,5846,795.9372617361943,0.0120375294427629,0.671539171579919
2019,sin_balanceo,f1_validacion,50,1,0.02856111960347755,7,112,116,73213,73448,0.058823529411764705,0.056910569105691054,0.05785123966942149,119,16.201938786624552,15.24888356388193,5912,804.9232109791963,0.0120375294427629,0.671539171579919
2019,sin_balanceo,referencia_007217143,50,1,0.07217143,2,22,121,73303,73448,0.08333333333333333,0.016260162601626018,0.027210884353741496,24,3.267617906546128,2.9953164143339506,6072,826.7073303561704,0.0120375294427629,0.671539171579919
2019,sin_balanceo,costo,100,1,0.012534672098943234,14,465,109,72860,73448,0.029227557411273485,0.11382113821138211,0.046511627906976744,479,65.21620738481647,63.310096939331224,11365,1547.3532294956976,0.0120375294427629,0.671539171579919
2019,sin_balanceo,f1_validacion,100,1,0.02856111960347755,7,112,116,73213,73448,0.058823529411764705,0.056910569105691054,0.05785123966942149,119,16.201938786624552,15.24888356388193,11712,1594.5975383945104,0.0120375294427629,0.671539171579919
2019,sin_balanceo,referencia_007217143,100,1,0.07217143,2,22,121,73303,73448,0.08333333333333333,0.016260162601626018,0.027210884353741496,24,3.267617906546128,2.9953164143339506,12122,1650.4193442980068,0.0120375294427629,0.671539171579919
2019,submuestreo,costo,5,1,0.8549467147522368,0,0,123,73325,73448,0.0,0.0,0.0,0,0.0,0.0,615,83.73270885524452,0.002971356400877114,0.6698696914006304
2019,submuestreo,f1_validacion,5,1,0.6217115428311037,0,141,123,73184,73448,0.0,0.0,0.0,141,19.1972552009585,19.1972552009585,756,102.92996405620303,0.002971356400877114,0.6698696914006304
2019,submuestreo,referencia_007217143,5,1,0.07217143,43,13298,80,60027,73448,0.0032231466906528744,0.34959349593495936,0.006387403446226975,13341,1816.3871038013287,1810.5326217187671,13698,1864.9929201612026,0.002971356400877114,0.6698696914006304
2019,submuestreo,costo,10,1,0.8549467147522368,0,0,123,73325,73448,0.0,0.0,0.0,0,0.0,0.0,1230,167.46541771048905,0.002971356400877114,0.6698696914006304
2019,submuestreo,f1_validacion,10,1,0.6217115428311037,0,141,123,73184,73448,0.0,0.0,0.0,141,19.1972552009585,19.1972552009585,1371,186.66267291144754,0.002971356400877114,0.6698696914006304
2019,submuestreo,referencia_007217143,10,1,0.07217143,43,13298,80,60027,73448,0.0032231466906528744,0.34959349593495936,0.006387403446226975,13341,1816.3871038013287,1810.5326217187671,14098,1919.4532186036379,0.002971356400877114,0.6698696914006304
2019,submuestreo,costo,25,1,0.8549467147522368,0,0,123,73325,73448,0.0,0.0,0.0,0,0.0,0.0,3075,418.66354427622264,0.002971356400877114,0.6698696914006304
2019,submuestreo,f1_validacion,25,1,0.6217115428311037,0,141,123,73184,73448,0.0,0.0,0.0,141,19.1972552009585,19.1972552009585,3216,437.8607994771811,0.002971356400877114,0.6698696914006304
2019,submuestreo,referencia_007217143,25,1,0.07217143,43,13298,80,60027,73448,0.0032231466906528744,0.34959349593495936,0.006387403446226975,13341,1816.3871038013287,1810.5326217187671,15298,2082.8341139309446,0.002971356400877114,0.6698696914006304
2019,submuestreo,costo,50,1,0.8549467147522368,0,0,123,73325,73448,0.0,0.0,0.0,0,0.0,0.0,6150,837.3270885524453,0.002971356400877114,0.6698696914006304
2019,submuestreo,f1_validacion,50,1,0.6217115428311037,0,141,123,73184,73448,0.0,0.0,0.0,141,19.1972552009585,19.1972552009585,6291,856.5243437534039,0.002971356400877114,0.6698696914006304
2019,submuestreo,referencia_007217143,50,1,0.07217143,43,13298,80,60027,73448,0.0032231466906528744,0.34959349593495936,0.006387403446226975,13341,1816.3871038013287,1810.5326217187671,17298,2355.1356061431215,0.002971356400877114,0.6698696914006304
2019,submuestreo,costo,100,1,0.6217115428311037,0,141,123,73184,73448,0.0,0.0,0.0,141,19.1972552009585,19.1972552009585,12441,1693.851432305849,0.002971356400877114,0.6698696914006304
2019,submuestreo,f1_validacion,100,1,0.6217115428311037,0,141,123,73184,73448,0.0,0.0,0.0,141,19.1972552009585,19.1972552009585,12441,1693.851432305849,0.002971356400877114,0.6698696914006304
2019,submuestreo,referencia_007217143,100,1,0.07217143,43,13298,80,60027,73448,0.0032231466906528744,0.34959349593495936,0.006387403446226975,13341,1816.3871038013287,1810.5326217187671,21298,2899.738590567476,0.002971356400877114,0.6698696914006304
2019,smotenc,costo,5,1,1.0000000000000002,0,0,123,73325,73448,0.0,0.0,0.0,0,0.0,0.0,615,83.73270885524452,0.0024753978203382247,0.6590393032467659
2019,smotenc,f1_validacion,5,1,0.5462174785417264,0,118,123,73207,73448,0.0,0.0,0.0,118,16.065788040518463,16.065788040518463,733,99.798496895763,0.0024753978203382247,0.6590393032467659
2019,smotenc,referencia_007217143,5,1,0.07217143,5,7306,118,66019,73448,0.000683900971139379,0.04065040650406504,0.0013451708366962604,7311,995.3981047816142,994.7173510510837,7896,1075.0462912536761,0.0024753978203382247,0.6590393032467659
2019,smotenc,costo,10,1,1.0000000000000002,0,0,123,73325,73448,0.0,0.0,0.0,0,0.0,0.0,1230,167.46541771048905,0.0024753978203382247,0.6590393032467659
2019,smotenc,f1_validacion,10,1,0.5462174785417264,0,118,123,73207,73448,0.0,0.0,0.0,118,16.065788040518463,16.065788040518463,1348,183.53120575100752,0.0024753978203382247,0.6590393032467659
2019,smotenc,referencia_007217143,10,1,0.07217143,5,7306,118,66019,73448,0.000683900971139379,0.04065040650406504,0.0013451708366962604,7311,995.3981047816142,994.7173510510837,8486,1155.3752314562682,0.0024753978203382247,0.6590393032467659
2019,smotenc,costo,25,1,1.0000000000000002,0,0,123,73325,73448,0.0,0.0,0.0,0,0.0,0.0,3075,418.66354427622264,0.0024753978203382247,0.6590393032467659
2019,smotenc,f1_validacion,25,1,0.5462174785417264,0,118,123,73207,73448,0.0,0.0,0.0,118,16.065788040518463,16.065788040518463,3193,434.7293323167411,0.0024753978203382247,0.6590393032467659
2019,smotenc,referencia_007217143,25,1,0.07217143,5,7306,118,66019,73448,0.000683900971139379,0.04065040650406504,0.0013451708366962604,7311,995.3981047816142,994.7173510510837,10256,1396.3620520640452,0.0024753978203382247,0.6590393032467659
2019,smotenc,costo,50,1,0.6058481464285894,0,44,123,73281,73448,0.0,0.0,0.0,44,5.990632828667901,5.990632828667901,6194,843.3177213811132,0.0024753978203382247,0.6590393032467659
2019,smotenc,f1_validacion,50,1,0.5462174785417264,0,118,123,73207,73448,0.0,0.0,0.0,118,16.065788040518463,16.065788040518463,6268,853.3928765929637,0.0024753978203382247,0.6590393032467659
2019,smotenc,referencia_007217143,50,1,0.07217143,5,7306,118,66019,73448,0.000683900971139379,0.04065040650406504,0.0013451708366962604,7311,995.3981047816142,994.7173510510837,13206,1798.0067530770068,0.0024753978203382247,0.6590393032467659
2019,smotenc,costo,100,1,0.6058481464285894,0,44,123,73281,73448,0.0,0.0,0.0,44,5.990632828667901,5.990632828667901,12344,1680.6448099335582,0.0024753978203382247,0.6590393032467659
2019,smotenc,f1_validacion,100,1,0.5462174785417264,0,118,123,73207,73448,0.0,0.0,0.0,118,16.065788040518463,16.065788040518463,12418,1690.719965145409,0.0024753978203382247,0.6590393032467659
2019,smotenc,referencia_007217143,100,1,0.07217143,5,7306,118,66019,73448,0.000683900971139379,0.04065040650406504,0.0013451708366962604,7311,995.3981047816142,994.7173510510837,19106,2601.2961551029302,0.0024753978203382247,0.6590393032467659
2019,pesos_clase,costo,5,1,1.0000000000000002,0,0,123,73325,73448,0.0,0.0,0.0,0,0.0,0.0,615,83.73270885524452,0.0023716183888952947,0.6484665940420059
2019,pesos_clase,f1_validacion,5,1,0.8284292233933526,0,31,123,73294,73448,0.0,0.0,0.0,31,4.220673129288748,4.220673129288748,646,87.95338198453328,0.0023716183888952947,0.6484665940420059
2019,pesos_clase,referencia_007217143,5,1,0.07217143,77,27400,46,45925,73448,0.0028023437784328712,0.6260162601626016,0.005579710144927536,27477,3741.014050756998,3730.5304433068295,27630,3761.8451149112298,0.0023716183888952947,0.6484665940420059
2019,pesos_clase,costo,10,1,1.0000000000000002,0,0,123,73325,73448,0.0,0.0,0.0,0,0.0,0.0,1230,167.46541771048905,0.0023716183888952947,0.6484665940420059
2019,pesos_clase,f1_validacion,10,1,0.8284292233933526,0,31,123,73294,73448,0.0,0.0,0.0,31,4.220673129288748,4.220673129288748,1261,171.68609083977782,0.0023716183888952947,0.6484665940420059
2019,pesos_clase,referencia_007217143,10,1,0.07217143,77,27400,46,45925,73448,0.0028023437784328712,0.6260162601626016,0.005579710144927536,27477,3741.014050756998,3730.5304433068295,27860,3793.1597865156305,0.0023716183888952947,0.6484665940420059
2019,pesos_clase,costo,25,1,1.0000000000000002,0,0,123,73325,73448,0.0,0.0,0.0,0,0.0,0.0,3075,418.66354427622264,0.0023716183888952947,0.6484665940420059
2019,pesos_clase,f1_validacion,25,1,0.8284292233933526,0,31,123,73294,73448,0.0,0.0,0.0,31,4.220673129288748,4.220673129288748,3106,422.88421740551144,0.0023716183888952947,0.6484665940420059
2019,pesos_clase,referencia_007217143,25,1,0.07217143,77,27400,46,45925,73448,0.0028023437784328712,0.6260162601626016,0.005579710144927536,27477,3741.014050756998,3730.5304433068295,28550,3887.103801328831,0.0023716183888952947,0.6484665940420059
2019,pesos_clase,costo,50,1,0.8284292233933526,0,31,123,73294,73448,0.0,0.0,0.0,31,4.220673129288748,4.220673129288748,6181,841.5477616817341,0.0023716183888952947,0.6484665940420059
2019,pesos_clase,f1_validacion,50,1,0.8284292233933526,0,31,123,73294,73448,0.0,0.0,0.0,31,4.220673129288748,4.220673129288748,6181,841.5477616817341,0.0023716183888952947,0.6484665940420059
2019,pesos_clase,referencia_007217143,50,1,0.07217143,77,27400,46,45925,73448,0.0028023437784328712,0.6260162601626016,0.005579710144927536,27477,3741.014050756998,3730.5304433068295,29700,4043.677159350833,0.0023716183888952947,0.6484665940420059
2019,pesos_clase,costo,100,1,0.8284292233933526,0,31,123,73294,73448,0.0,0.0,0.0,31,4.220673129288748,4.220673129288748,12331,1678.8748502341793,0.0023716183888952947,0.6484665940420059
2019,pesos_clase,f1_validacion,100,1,0.8284292233933526,0,31,123,73294,73448,0.0,0.0,0.0,31,4.220673129288748,4.220673129288748,12331,1678.8748502341793,0.0023716183888952947,0.6484665940420059
2019,pesos_clase,referencia_007217143,100,1,0.07217143,77,27400,46,45925,73448,0.0028023437784328712,0.6260162601626016,0.005579710144927536,27477,3741.014050756998,3730.5304433068295,32000,4356.823875394837,0.0023716183888952947,0.6484665940420059
