evaluation_year,candidate,round,cost_fn,threshold,tp,fp,fn,tn,rows,precision,recall,f1,alerts,alerts_per_10000,fp_per_10000,cost,average_precision
2015,r1_pesos_clase,previous,5,0.8187729943545314,20,7,170,87873,88070,0.7407407407407407,0.10526315789473684,0.18433179723502305,27,3.065743158850914,0.7948223004428295,857,0.27094713137740284
2015,r1_pesos_clase,previous,10,0.7159845724600464,52,102,138,87778,88070,0.33766233766233766,0.2736842105263158,0.3023255813953488,154,17.486090609742252,11.581696377881231,1482,0.27094713137740284
2015,r1_pesos_clase,previous,25,0.5580218253084854,115,561,75,87319,88070,0.17011834319526628,0.6052631578947368,0.26558891454965355,676,76.75712501419325,63.69933007834677,2436,0.27094713137740284
2015,r1_pesos_clase,previous,50,0.5580218253084854,115,561,75,87319,88070,0.17011834319526628,0.6052631578947368,0.26558891454965355,676,76.75712501419325,63.69933007834677,4311,0.27094713137740284
2015,r1_pesos_clase,previous,100,0.5580218253084854,115,561,75,87319,88070,0.17011834319526628,0.6052631578947368,0.26558891454965355,676,76.75712501419325,63.69933007834677,8061,0.27094713137740284
2015,r1_sin_balanceo,previous,5,0.16446725095584097,82,7748,108,80132,88070,0.010472541507024266,0.43157894736842106,0.020448877805486283,7830,889.0655160667651,879.7547405472919,8288,0.3758950793807244
2015,r1_sin_balanceo,previous,10,0.04657407529033146,111,20848,79,67032,88070,0.005296054201059211,0.5842105263157895,0.01049695021041184,20959,2379.811513568752,2367.2079028045873,21638,0.3758950793807244
2015,r1_sin_balanceo,previous,25,0.04657407529033146,111,20848,79,67032,88070,0.005296054201059211,0.5842105263157895,0.01049695021041184,20959,2379.811513568752,2367.2079028045873,22823,0.3758950793807244
2015,r1_sin_balanceo,previous,50,0.03486747089269901,118,22432,72,65448,88070,0.005232815964523282,0.6210526315789474,0.010378188214599824,22550,2560.463267855115,2547.0648347905076,26032,0.3758950793807244
2015,r1_sin_balanceo,previous,100,0.016519726771066157,126,24658,64,63222,88070,0.005083925112976113,0.6631578947368421,0.010090494113878433,24784,2814.1251277392985,2799.818326331327,31058,0.3758950793807244
2015,r1_smotenc,previous,5,0.724887642176321,14,14,176,87866,88070,0.5,0.07368421052631578,0.12844036697247707,28,3.179289201771318,1.589644600885659,894,0.2103776303506985
2015,r1_smotenc,previous,10,0.724887642176321,14,14,176,87866,88070,0.5,0.07368421052631578,0.12844036697247707,28,3.179289201771318,1.589644600885659,1774,0.2103776303506985
2015,r1_smotenc,previous,25,0.4891252344088401,87,364,103,87516,88070,0.19290465631929046,0.45789473684210524,0.2714508580343214,451,51.2092653571023,41.330759623027134,2939,0.2103776303506985
2015,r1_smotenc,previous,50,0.45323293308445506,102,511,88,87369,88070,0.16639477977161501,0.5368421052631579,0.25404732254047324,613,69.6037243102078,58.02202793232656,4911,0.2103776303506985
2015,r1_smotenc,previous,100,0.3854012022840137,123,944,67,86936,88070,0.11527647610121837,0.6473684210526316,0.1957040572792363,1067,121.1536277960713,107.18746451686158,7644,0.2103776303506985
2015,r1_submuestreo,previous,5,0.7609461698786175,14,11,176,87869,88070,0.56,0.07368421052631578,0.13023255813953488,25,2.8386510730101056,1.2490064721244465,891,0.22737454612535676
2015,r1_submuestreo,previous,10,0.7609461698786175,14,11,176,87869,88070,0.56,0.07368421052631578,0.13023255813953488,25,2.8386510730101056,1.2490064721244465,1771,0.22737454612535676
2015,r1_submuestreo,previous,25,0.6227897826602833,73,247,117,87633,88070,0.228125,0.38421052631578945,0.28627450980392155,320,36.33473373452935,28.045872601339845,3172,0.22737454612535676
2015,r1_submuestreo,previous,50,0.6227897826602833,73,247,117,87633,88070,0.228125,0.38421052631578945,0.28627450980392155,320,36.33473373452935,28.045872601339845,6097,0.22737454612535676
2015,r1_submuestreo,previous,100,0.4045232249940877,139,3212,51,84668,88070,0.04148015517755894,0.7315789473684211,0.0785088957921491,3351,380.49278982627453,364.70988986033836,8312,0.22737454612535676
2015,rf_actualizado,previous,5,0.164467250955841,82,7748,108,80132,88070,0.010472541507024266,0.43157894736842106,0.020448877805486283,7830,889.0655160667651,879.7547405472919,8288,0.3758950793807245
2015,rf_actualizado,previous,10,0.04657407529033145,111,20848,79,67032,88070,0.005296054201059211,0.5842105263157895,0.01049695021041184,20959,2379.811513568752,2367.2079028045873,21638,0.3758950793807245
2015,rf_actualizado,previous,25,0.04657407529033145,111,20848,79,67032,88070,0.005296054201059211,0.5842105263157895,0.01049695021041184,20959,2379.811513568752,2367.2079028045873,22823,0.3758950793807245
2015,rf_actualizado,previous,50,0.03486747089269901,118,22432,72,65448,88070,0.005232815964523282,0.6210526315789474,0.010378188214599824,22550,2560.463267855115,2547.0648347905076,26032,0.3758950793807245
2015,rf_actualizado,previous,100,0.016519726771066157,126,24658,64,63222,88070,0.005083925112976113,0.6631578947368421,0.010090494113878433,24784,2814.1251277392985,2799.818326331327,31058,0.3758950793807245
2015,rf_peso10_reciente,previous,5,0.2135451143509528,50,5910,140,81970,88070,0.008389261744966443,0.2631578947368421,0.016260162601626018,5960,676.7344158056092,671.0571136595889,6610,0.238041150828569
2015,rf_peso10_reciente,previous,10,0.13736302291125613,70,9325,120,78555,88070,0.007450771687067589,0.3684210526315789,0.014606155451225874,9395,1066.7650732371976,1058.8168502327694,10525,0.238041150828569
2015,rf_peso10_reciente,previous,25,0.07732997574740966,106,12432,84,75448,88070,0.008454298931249002,0.5578947368421052,0.016656191074795726,12538,1423.6402861360282,1411.6044055864654,14532,0.238041150828569
2015,rf_peso10_reciente,previous,50,0.07732997574740966,106,12432,84,75448,88070,0.008454298931249002,0.5578947368421052,0.016656191074795726,12538,1423.6402861360282,1411.6044055864654,16632,0.238041150828569
2015,rf_peso10_reciente,previous,100,0.0491790942829005,125,15731,65,72149,88070,0.007883451059535822,0.6578947368421053,0.0155802069051477,15856,1800.3860565459295,1786.1928011808789,22231,0.238041150828569
2015,rf_profundo,previous,5,0.185,107,18278,83,69602,88070,0.005819961925482731,0.5631578947368421,0.011520861372812921,18385,2087.5439990916316,2075.3945724991486,18693,0.42421844919856755
2015,rf_profundo,previous,10,0.185,107,18278,83,69602,88070,0.005819961925482731,0.5631578947368421,0.011520861372812921,18385,2087.5439990916316,2075.3945724991486,19108,0.42421844919856755
2015,rf_profundo,previous,25,0.1,119,22882,71,64998,88070,0.005173688100517369,0.6263157894736842,0.010262601871415635,23001,2611.6725332122173,2598.1605541046893,24657,0.42421844919856755
2015,rf_profundo,previous,50,0.1,119,22882,71,64998,88070,0.005173688100517369,0.6263157894736842,0.010262601871415635,23001,2611.6725332122173,2598.1605541046893,26432,0.42421844919856755
2015,rf_profundo,previous,100,0.03,136,25350,54,62530,88070,0.005336263046378404,0.7157894736842105,0.01059355039725814,25486,2893.834449869422,2878.392188032247,30750,0.42421844919856755
2015,rf_reciente_3a,previous,5,0.06797182086719077,86,8323,104,79557,88070,0.010227137590676656,0.45263157894736844,0.020002325851843236,8409,954.8086749176791,945.0437152265243,8843,0.24020311898191274
2015,rf_reciente_3a,previous,10,0.05141784671162139,99,11056,91,76824,88070,0.008874943971313312,0.5210526315789473,0.01745262230057294,11155,1266.606108777109,1255.365050527989,11966,0.24020311898191274
2015,rf_reciente_3a,previous,25,0.05141784671162139,99,11056,91,76824,88070,0.008874943971313312,0.5210526315789473,0.01745262230057294,11155,1266.606108777109,1255.365050527989,13331,0.24020311898191274
2015,rf_reciente_3a,previous,50,0.05141784671162139,99,11056,91,76824,88070,0.008874943971313312,0.5210526315789473,0.01745262230057294,11155,1266.606108777109,1255.365050527989,15606,0.24020311898191274
2015,rf_reciente_3a,previous,100,0.018910813197842633,120,17155,70,70725,88070,0.006946454413892909,0.631578947368421,0.013741769252791297,17275,1961.507891449983,1947.8823662995344,24155,0.24020311898191274
2015,rf_reciente_profundo,previous,5,0.105,100,14230,90,73650,88070,0.006978367062107467,0.5263157894736842,0.013774104683195593,14330,1627.1147950493926,1615.7601907573521,14680,0.278469905035142
2015,rf_reciente_profundo,previous,10,0.08,108,15895,82,71985,88070,0.006748734612260201,0.5684210526315789,0.013339097140739825,16003,1817.0773248552289,1804.8143522198252,16715,0.278469905035142
2015,rf_reciente_profundo,previous,25,0.08,108,15895,82,71985,88070,0.006748734612260201,0.5684210526315789,0.013339097140739825,16003,1817.0773248552289,1804.8143522198252,17945,0.278469905035142
2015,rf_reciente_profundo,previous,50,0.045,122,20181,68,67699,88070,0.0060089641924838694,0.6421052631578947,0.011906504660127848,20303,2305.325309412967,2291.472692176678,23581,0.278469905035142
2015,rf_reciente_profundo,previous,100,0.045,122,20181,68,67699,88070,0.0060089641924838694,0.6421052631578947,0.011906504660127848,20303,2305.325309412967,2291.472692176678,26981,0.278469905035142
2015,rf_revisado_reciente,previous,5,0.18029182065217428,54,4,136,87876,88070,0.9310344827586207,0.28421052631578947,0.43548387096774194,58,6.585670489383445,0.4541841716816169,684,0.5146521977655154
2015,rf_revisado_reciente,previous,10,0.18029182065217428,54,4,136,87876,88070,0.9310344827586207,0.28421052631578947,0.43548387096774194,58,6.585670489383445,0.4541841716816169,1364,0.5146521977655154
2015,rf_revisado_reciente,previous,25,0.08402718726896552,98,97,92,87783,88070,0.5025641025641026,0.5157894736842106,0.509090909090909,195,22.141478369478822,11.01396616327921,2397,0.5146521977655154
2015,rf_revisado_reciente,previous,50,0.06970492875311661,107,178,83,87702,88070,0.37543859649122807,0.5631578947368421,0.45052631578947366,285,32.3606222323152,20.211195639831953,4328,0.5146521977655154
2015,rf_revisado_reciente,previous,100,0.05579256167442777,116,328,74,87552,88070,0.26126126126126126,0.6105263157894737,0.3659305993690852,444,50.41444305665947,37.24310207789259,7728,0.5146521977655154
2015,rf_variables_revisadas,previous,5,0.09685060737076817,94,19,96,87861,88070,0.831858407079646,0.49473684210526314,0.6204620462046204,113,12.830702850005677,2.1573748154876804,499,0.6009575745672405
2015,rf_variables_revisadas,previous,10,0.09685060737076817,94,19,96,87861,88070,0.831858407079646,0.49473684210526314,0.6204620462046204,113,12.830702850005677,2.1573748154876804,979,0.6009575745672405
2015,rf_variables_revisadas,previous,25,0.04069334713831837,111,79,79,87801,88070,0.5842105263157895,0.5842105263157895,0.5842105263157895,190,21.573748154876803,8.970137390711933,2054,0.6009575745672405
2015,rf_variables_revisadas,previous,50,0.04069334713831837,111,79,79,87801,88070,0.5842105263157895,0.5842105263157895,0.5842105263157895,190,21.573748154876803,8.970137390711933,4029,0.6009575745672405
2015,rf_variables_revisadas,previous,100,0.022685844002530667,115,220,75,87660,88070,0.34328358208955223,0.6052631578947368,0.4380952380952381,335,38.03792437833542,24.98012944248893,7720,0.6009575745672405
2015,rf_actualizado_contexto,new_context,5,0.24441381924787872,55,308,135,87572,88070,0.15151515151515152,0.2894736842105263,0.19891500904159132,363,41.21721358010673,34.972181219484504,983,0.2843721318273285
2015,rf_actualizado_contexto,new_context,10,0.22222171468797722,58,1938,132,85942,88070,0.02905811623246493,0.30526315789473685,0.053064958828911254,1996,226.63790166912682,220.0522311797434,3258,0.2843721318273285
2015,rf_actualizado_contexto,new_context,25,0.22222171468797722,58,1938,132,85942,88070,0.02905811623246493,0.30526315789473685,0.053064958828911254,1996,226.63790166912682,220.0522311797434,5238,0.2843721318273285
2015,rf_actualizado_contexto,new_context,50,0.205788967497016,62,3304,128,84576,88070,0.0184194890077243,0.3263157894736842,0.03487064116985377,3366,382.1959804700806,375.1561258090156,9704,0.2843721318273285
2015,rf_actualizado_contexto,new_context,100,0.205788967497016,62,3304,128,84576,88070,0.0184194890077243,0.3263157894736842,0.03487064116985377,3366,382.1959804700806,375.1561258090156,16104,0.2843721318273285
2015,rf_revisado_contexto,new_context,5,0.30291757319936435,47,0,143,87880,88070,1.0,0.24736842105263157,0.39662447257383965,47,5.3366640172589985,0.0,715,0.29052286621673457
2015,rf_revisado_contexto,new_context,10,0.30291757319936435,47,0,143,87880,88070,1.0,0.24736842105263157,0.39662447257383965,47,5.3366640172589985,0.0,1430,0.29052286621673457
2015,rf_revisado_contexto,new_context,25,0.24297583520944419,54,234,136,87646,88070,0.1875,0.28421052631578947,0.22594142259414227,288,32.701260361076415,26.56977404337459,3634,0.29052286621673457
2015,rf_revisado_contexto,new_context,50,0.24297583520944419,54,234,136,87646,88070,0.1875,0.28421052631578947,0.22594142259414227,288,32.701260361076415,26.56977404337459,7034,0.29052286621673457
2015,rf_revisado_contexto,new_context,100,0.03417797885486898,115,3543,75,84337,88070,0.03143794423182067,0.6052631578947368,0.059771309771309775,3658,415.35142500283865,402.2936300669922,11043,0.29052286621673457
2016,r1_pesos_clase,previous,5,0.6860147969674639,73,181,153,87378,87785,0.2874015748031496,0.3230088495575221,0.30416666666666664,254,28.93432818818705,20.61855670103093,946,0.24991894423517483
2016,r1_pesos_clase,previous,10,0.5721647531391839,138,506,88,87053,87785,0.21428571428571427,0.6106194690265486,0.31724137931034485,644,73.36105257162386,57.6408270205616,1386,0.24991894423517483
2016,r1_pesos_clase,previous,25,0.5237488313730959,159,879,67,86680,87785,0.1531791907514451,0.7035398230088495,0.25158227848101267,1038,118.24343566668566,100.13100187959219,2554,0.24991894423517483
2016,r1_pesos_clase,previous,50,0.4951074610887753,167,1297,59,86262,87785,0.11407103825136612,0.7389380530973452,0.19763313609467456,1464,166.7710884547474,147.74733724440395,4247,0.24991894423517483
2016,r1_pesos_clase,previous,100,0.4537351976851113,177,2325,49,85234,87785,0.07074340527577938,0.7831858407079646,0.12976539589442815,2502,285.01452412143306,264.8516261320271,7225,0.24991894423517483
2016,r1_sin_balanceo,previous,5,0.29884679655198515,73,3,153,87556,87785,0.9605263157894737,0.3230088495575221,0.48344370860927155,76,8.657515520874865,0.3417440337187447,768,0.32888940597470256
2016,r1_sin_balanceo,previous,10,0.2894350813463686,73,13,153,87546,87785,0.8488372093023255,0.3230088495575221,0.46794871794871795,86,9.796662299937347,1.4808908127812268,1543,0.32888940597470256
2016,r1_sin_balanceo,previous,25,0.26697187989342924,73,193,153,87366,87785,0.2744360902255639,0.3230088495575221,0.2967479674796748,266,30.301304323062027,21.985532835905907,4018,0.32888940597470256
2016,r1_sin_balanceo,previous,50,0.26697187989342924,73,193,153,87366,87785,0.2744360902255639,0.3230088495575221,0.2967479674796748,266,30.301304323062027,21.985532835905907,7843,0.32888940597470256
2016,r1_sin_balanceo,previous,100,0.26697187989342924,73,193,153,87366,87785,0.2744360902255639,0.3230088495575221,0.2967479674796748,266,30.301304323062027,21.985532835905907,15493,0.32888940597470256
2016,r1_smotenc,previous,5,0.5271774704782441,89,241,137,87318,87785,0.2696969696969697,0.3938053097345133,0.32014388489208634,330,37.59184370906191,27.45343737540582,926,0.2195634323204813
2016,r1_smotenc,previous,10,0.5271774704782441,89,241,137,87318,87785,0.2696969696969697,0.3938053097345133,0.32014388489208634,330,37.59184370906191,27.45343737540582,1611,0.2195634323204813
2016,r1_smotenc,previous,25,0.37506425445882124,146,910,80,86649,87785,0.13825757575757575,0.6460176991150443,0.22776911076443057,1056,120.29389986899812,103.66235689468589,2910,0.2195634323204813
2016,r1_smotenc,previous,50,0.34785094309218706,155,1175,71,86384,87785,0.11654135338345864,0.6858407079646017,0.19922879177377892,1330,151.50652161531013,133.84974653984165,4725,0.2195634323204813
2016,r1_smotenc,previous,100,0.3295481946937383,161,1563,65,85996,87785,0.09338747099767981,0.7123893805309734,0.16512820512820514,1724,196.38890471037192,178.04864156746598,8063,0.2195634323204813
2016,r1_submuestreo,previous,5,0.5672976146647215,100,258,126,87301,87785,0.27932960893854747,0.4424778761061947,0.3424657534246575,358,40.78145469043686,29.38998689981204,888,0.27891757591314936
2016,r1_submuestreo,previous,10,0.5287551340825523,117,417,109,87142,87785,0.21910112359550563,0.5176991150442478,0.3078947368421053,534,60.83043800193655,47.50242068690551,1507,0.27891757591314936
2016,r1_submuestreo,previous,25,0.5000716310567028,129,616,97,86943,87785,0.17315436241610738,0.5707964601769911,0.26570545829042225,745,84.86643504015493,70.1714415902489,3041,0.27891757591314936
2016,r1_submuestreo,previous,50,0.4065517191864897,161,1825,65,85734,87785,0.081067472306143,0.7123893805309734,0.14556962025316456,1986,226.23455032180897,207.894287178903,5075,0.27891757591314936
2016,r1_submuestreo,previous,100,0.39968613205337383,163,1957,63,85602,87785,0.07688679245283019,0.7212389380530974,0.13895993179880647,2120,241.49911716124623,222.93102466252776,8257,0.27891757591314936
2016,rf_actualizado,previous,5,0.07789948598144587,116,46,110,87513,87785,0.7160493827160493,0.5132743362831859,0.5979381443298969,162,18.454177820812212,5.240075183687418,596,0.5578911773885354
2016,rf_actualizado,previous,10,0.05540740655643118,119,93,107,87466,87785,0.5613207547169812,0.5265486725663717,0.54337899543379,212,24.149911716124624,10.594065045281084,1163,0.5578911773885354
2016,rf_actualizado,previous,25,0.03005134307834322,140,234,86,87325,87785,0.37433155080213903,0.6194690265486725,0.4666666666666667,374,42.60408953693683,26.656034630062084,2384,0.5578911773885354
2016,rf_actualizado,previous,50,0.01766872843756953,149,682,77,86877,87785,0.1793020457280385,0.6592920353982301,0.28192999053926204,831,94.66309734009226,77.68981033206128,4532,0.5578911773885354
2016,rf_actualizado,previous,100,0.012900155925023471,157,1421,69,86138,87785,0.09949302915082382,0.6946902654867256,0.17405764966740578,1578,179.7573617360597,161.87275730477873,8321,0.5578911773885354
2016,rf_peso10_reciente,previous,5,0.08300476662990341,115,186,111,87373,87785,0.38205980066445183,0.5088495575221239,0.4364326375711575,301,34.28831804978071,21.18813009056217,741,0.4468319778645254
2016,rf_peso10_reciente,previous,10,0.07822443411893754,118,214,108,87345,87785,0.35542168674698793,0.5221238938053098,0.4229390681003584,332,37.81967306487441,24.37774107193712,1294,0.4468319778645254
2016,rf_peso10_reciente,previous,25,0.039449727728221556,147,1084,79,86475,87785,0.11941510966693746,0.6504424778761062,0.20178448867536034,1231,140.22896850259156,123.48351085037307,3059,0.4468319778645254
2016,rf_peso10_reciente,previous,50,0.039449727728221556,147,1084,79,86475,87785,0.11941510966693746,0.6504424778761062,0.20178448867536034,1231,140.22896850259156,123.48351085037307,5034,0.4468319778645254
2016,rf_peso10_reciente,previous,100,0.03501309281918662,152,1334,74,86225,87785,0.10228802153432032,0.672566371681416,0.17757009345794392,1486,169.27721136868485,151.9621803269351,8734,0.4468319778645254
2016,rf_profundo,previous,5,0.2,118,21,108,87538,87785,0.8489208633093526,0.5221238938053098,0.6465753424657534,139,15.834140228968502,2.3922082360312125,561,0.625943658310943
2016,rf_profundo,previous,10,0.085,140,87,86,87472,87785,0.6167400881057269,0.6194690265486725,0.6181015452538632,227,25.858631884718346,9.910576977843595,947,0.625943658310943
2016,rf_profundo,previous,25,0.04,152,437,74,87122,87785,0.25806451612903225,0.672566371681416,0.37300613496932516,589,67.0957452867802,49.780714245030474,2287,0.625943658310943
2016,rf_profundo,previous,50,0.04,152,437,74,87122,87785,0.25806451612903225,0.672566371681416,0.37300613496932516,589,67.0957452867802,49.780714245030474,4137,0.625943658310943
2016,rf_profundo,previous,100,0.04,152,437,74,87122,87785,0.25806451612903225,0.672566371681416,0.37300613496932516,589,67.0957452867802,49.780714245030474,7837,0.625943658310943
2016,rf_reciente_3a,previous,5,0.048851334059980885,89,89,137,87470,87785,0.5,0.3938053097345133,0.4405940594059406,178,20.276812667312182,10.138406333656091,774,0.4358028320482471
2016,rf_reciente_3a,previous,10,0.03785462832551298,101,133,125,87426,87785,0.43162393162393164,0.4469026548672566,0.4391304347826087,234,26.656034630062084,15.150652161531013,1383,0.4358028320482471
2016,rf_reciente_3a,previous,25,0.03129941427052935,110,199,116,87360,87785,0.3559870550161812,0.48672566371681414,0.411214953271028,309,35.1996354730307,22.669020903343394,3099,0.4358028320482471
2016,rf_reciente_3a,previous,50,0.03129941427052935,110,199,116,87360,87785,0.3559870550161812,0.48672566371681414,0.411214953271028,309,35.1996354730307,22.669020903343394,5999,0.4358028320482471
2016,rf_reciente_3a,previous,100,0.011145625470026631,146,1773,80,85786,87785,0.0760812923397603,0.6460176991150443,0.13613053613053613,1919,218.60226690209032,201.9707239277781,9773,0.4358028320482471
2016,rf_reciente_profundo,previous,5,0.12,104,26,122,87533,87785,0.8,0.46017699115044247,0.5842696629213483,130,14.808908127812268,2.9617816255624536,636,0.5209029280423793
2016,rf_reciente_profundo,previous,10,0.065,119,83,107,87476,87785,0.5891089108910891,0.5265486725663717,0.5560747663551402,202,23.01076493706214,9.454918266218602,1153,0.5209029280423793
2016,rf_reciente_profundo,previous,25,0.065,119,83,107,87476,87785,0.5891089108910891,0.5265486725663717,0.5560747663551402,202,23.01076493706214,9.454918266218602,2758,0.5209029280423793
2016,rf_reciente_profundo,previous,50,0.045,128,330,98,87229,87785,0.2794759825327511,0.5663716814159292,0.3742690058479532,458,52.17292248106168,37.59184370906191,5230,0.5209029280423793
2016,rf_reciente_profundo,previous,100,0.045,128,330,98,87229,87785,0.2794759825327511,0.5663716814159292,0.3742690058479532,458,52.17292248106168,37.59184370906191,10130,0.5209029280423793
2016,rf_revisado_reciente,previous,5,0.09243139700443562,112,151,114,87408,87785,0.42585551330798477,0.49557522123893805,0.45807770961145194,263,29.959560289343283,17.201116363843482,721,0.48227656863828444
2016,rf_revisado_reciente,previous,10,0.09243139700443562,112,151,114,87408,87785,0.42585551330798477,0.49557522123893805,0.45807770961145194,263,29.959560289343283,17.201116363843482,1291,0.48227656863828444
2016,rf_revisado_reciente,previous,25,0.04168359661867958,148,853,78,86706,87785,0.14785214785214784,0.6548672566371682,0.24123879380603097,1001,114.02859258415447,97.16922025402974,2803,0.48227656863828444
2016,rf_revisado_reciente,previous,50,0.04168359661867958,148,853,78,86706,87785,0.14785214785214784,0.6548672566371682,0.24123879380603097,1001,114.02859258415447,97.16922025402974,4753,0.48227656863828444
2016,rf_revisado_reciente,previous,100,0.024844476861955598,172,1989,54,85570,87785,0.07959278111985192,0.7610619469026548,0.14411395056556348,2161,246.1696189554024,226.57629435552772,7389,0.48227656863828444
2016,rf_variables_revisadas,previous,5,0.048107791790953695,130,51,96,87508,87785,0.7182320441988951,0.5752212389380531,0.6388206388206388,181,20.61855670103093,5.809648573218659,531,0.6445929816402455
2016,rf_variables_revisadas,previous,10,0.025249642946088904,146,130,80,87429,87785,0.5289855072463768,0.6460176991150443,0.5816733067729084,276,31.44045110212451,14.808908127812268,930,0.6445929816402455
2016,rf_variables_revisadas,previous,25,0.01171670941011998,167,566,59,86993,87785,0.22783083219645292,0.7389380530973452,0.3482794577685089,733,83.49945890527995,64.47570769493649,2041,0.6445929816402455
2016,rf_variables_revisadas,previous,50,0.010110126824953327,173,851,53,86708,87785,0.1689453125,0.7654867256637168,0.2768,1024,116.64863017599818,96.94139089821724,3501,0.6445929816402455
2016,rf_variables_revisadas,previous,100,0.008048879805686738,182,1688,44,85871,87785,0.09732620320855614,0.8053097345132744,0.1736641221374046,1870,213.02044768468417,192.287976305747,6088,0.6445929816402455
2016,rf_actualizado_contexto,new_context,5,0.1686088121683541,69,11,157,87548,87785,0.8625,0.3053097345132743,0.45098039215686275,80,9.113174232499858,1.2530614569687304,796,0.32522504151413795
2016,rf_actualizado_contexto,new_context,10,0.1686088121683541,69,11,157,87548,87785,0.8625,0.3053097345132743,0.45098039215686275,80,9.113174232499858,1.2530614569687304,1581,0.32522504151413795
2016,rf_actualizado_contexto,new_context,25,0.1686088121683541,69,11,157,87548,87785,0.8625,0.3053097345132743,0.45098039215686275,80,9.113174232499858,1.2530614569687304,3936,0.32522504151413795
2016,rf_actualizado_contexto,new_context,50,0.02154778165621764,160,3945,66,83614,87785,0.0389768574908648,0.7079646017699115,0.07388593858231356,4105,467.61975280514895,449.39340434014923,7245,0.32522504151413795
2016,rf_actualizado_contexto,new_context,100,0.012241945604043054,174,6130,52,81429,87785,0.027601522842639593,0.7699115044247787,0.05329249617151608,6304,718.1181295209888,698.2969755653016,11330,0.32522504151413795
2016,rf_revisado_contexto,new_context,5,0.2783823226253917,61,3,165,87556,87785,0.953125,0.26991150442477874,0.4206896551724138,64,7.290539385999886,0.3417440337187447,828,0.30105044667130404
2016,rf_revisado_contexto,new_context,10,0.2783823226253917,61,3,165,87556,87785,0.953125,0.26991150442477874,0.4206896551724138,64,7.290539385999886,0.3417440337187447,1653,0.30105044667130404
2016,rf_revisado_contexto,new_context,25,0.26931538683661244,62,35,164,87524,87785,0.6391752577319587,0.2743362831858407,0.38390092879256965,97,11.049723756906078,3.9870137267186876,4135,0.30105044667130404
2016,rf_revisado_contexto,new_context,50,0.009009059411499484,189,5851,37,81708,87785,0.03129139072847682,0.8362831858407079,0.06032556654963294,6040,688.0446545537393,666.5147804294584,7701,0.30105044667130404
2016,rf_revisado_contexto,new_context,100,0.007491371199675679,199,6716,27,80843,87785,0.028778018799710772,0.8805309734513275,0.05573449096765159,6915,787.7199977217065,765.0509768183631,9416,0.30105044667130404
2019,r1_pesos_clase,previous,5,1.0000000000000002,0,0,123,73325,73448,0.0,0.0,0.0,0,0.0,0.0,615,0.0023716183888952947
2019,r1_pesos_clase,previous,10,1.0000000000000002,0,0,123,73325,73448,0.0,0.0,0.0,0,0.0,0.0,1230,0.0023716183888952947
2019,r1_pesos_clase,previous,25,0.8284292233933526,0,31,123,73294,73448,0.0,0.0,0.0,31,4.220673129288748,4.220673129288748,3106,0.0023716183888952947
2019,r1_pesos_clase,previous,50,0.8284292233933526,0,31,123,73294,73448,0.0,0.0,0.0,31,4.220673129288748,4.220673129288748,6181,0.0023716183888952947
2019,r1_pesos_clase,previous,100,0.8284292233933526,0,31,123,73294,73448,0.0,0.0,0.0,31,4.220673129288748,4.220673129288748,12331,0.0023716183888952947
2019,r1_sin_balanceo,previous,5,0.12882591455025527,1,9,122,73316,73448,0.1,0.008130081300813009,0.015037593984962405,10,1.3615074610608866,1.225356714954798,619,0.0120375294427629
2019,r1_sin_balanceo,previous,10,0.12882591455025527,1,9,122,73316,73448,0.1,0.008130081300813009,0.015037593984962405,10,1.3615074610608866,1.225356714954798,1229,0.0120375294427629
2019,r1_sin_balanceo,previous,25,0.01809906690438387,11,215,112,73110,73448,0.048672566371681415,0.08943089430894309,0.06303724928366762,226,30.770068619976037,29.272410412809062,3015,0.0120375294427629
2019,r1_sin_balanceo,previous,50,0.012661664476534901,13,452,110,72873,73448,0.02795698924731183,0.10569105691056911,0.04421768707482993,465,63.310096939331224,61.540137239952074,5952,0.0120375294427629
2019,r1_sin_balanceo,previous,100,0.012661664476534901,13,452,110,72873,73448,0.02795698924731183,0.10569105691056911,0.04421768707482993,465,63.310096939331224,61.540137239952074,11452,0.0120375294427629
2019,r1_smotenc,previous,5,1.0000000000000002,0,0,123,73325,73448,0.0,0.0,0.0,0,0.0,0.0,615,0.0024753978203382247
2019,r1_smotenc,previous,10,1.0000000000000002,0,0,123,73325,73448,0.0,0.0,0.0,0,0.0,0.0,1230,0.0024753978203382247
2019,r1_smotenc,previous,25,1.0000000000000002,0,0,123,73325,73448,0.0,0.0,0.0,0,0.0,0.0,3075,0.0024753978203382247
2019,r1_smotenc,previous,50,0.6058481464285894,0,44,123,73281,73448,0.0,0.0,0.0,44,5.990632828667901,5.990632828667901,6194,0.0024753978203382247
2019,r1_smotenc,previous,100,0.501051148614784,0,236,123,73089,73448,0.0,0.0,0.0,236,32.131576081036926,32.131576081036926,12536,0.0024753978203382247
2019,r1_submuestreo,previous,5,0.8549467147522368,0,0,123,73325,73448,0.0,0.0,0.0,0,0.0,0.0,615,0.002971356400877114
2019,r1_submuestreo,previous,10,0.8549467147522368,0,0,123,73325,73448,0.0,0.0,0.0,0,0.0,0.0,1230,0.002971356400877114
2019,r1_submuestreo,previous,25,0.8549467147522368,0,0,123,73325,73448,0.0,0.0,0.0,0,0.0,0.0,3075,0.002971356400877114
2019,r1_submuestreo,previous,50,0.6217115428311037,0,141,123,73184,73448,0.0,0.0,0.0,141,19.1972552009585,19.1972552009585,6291,0.002971356400877114
2019,r1_submuestreo,previous,100,0.6217115428311037,0,141,123,73184,73448,0.0,0.0,0.0,141,19.1972552009585,19.1972552009585,12441,0.002971356400877114
2019,rf_actualizado,previous,5,0.032894580458510195,10,65,113,73260,73448,0.13333333333333333,0.08130081300813008,0.10101010101010101,75,10.21130595795665,8.849798496895763,630,0.02181822089145973
2019,rf_actualizado,previous,10,0.032894580458510195,10,65,113,73260,73448,0.13333333333333333,0.08130081300813008,0.10101010101010101,75,10.21130595795665,8.849798496895763,1195,0.02181822089145973
2019,rf_actualizado,previous,25,0.02046171411871807,12,160,111,73165,73448,0.06976744186046512,0.0975609756097561,0.08135593220338982,172,23.41792833024725,21.784119376974186,2935,0.02181822089145973
2019,rf_actualizado,previous,50,0.014357903872303419,17,347,106,72978,73448,0.046703296703296704,0.13821138211382114,0.06981519507186858,364,49.55887158261627,47.24430889881277,5647,0.02181822089145973
2019,rf_actualizado,previous,100,0.014357903872303419,17,347,106,72978,73448,0.046703296703296704,0.13821138211382114,0.06981519507186858,364,49.55887158261627,47.24430889881277,10947,0.02181822089145973
2019,rf_peso10_reciente,previous,5,0.19598059880755334,1,12,122,73313,73448,0.07692307692307693,0.008130081300813009,0.014705882352941176,13,1.7699596993791527,1.633808953273064,622,0.012209266436427575
2019,rf_peso10_reciente,previous,10,0.19598059880755334,1,12,122,73313,73448,0.07692307692307693,0.008130081300813009,0.014705882352941176,13,1.7699596993791527,1.633808953273064,1232,0.012209266436427575
2019,rf_peso10_reciente,previous,25,0.09892530854531893,5,138,118,73187,73448,0.03496503496503497,0.04065040650406504,0.03759398496240601,143,19.469556693170677,18.788802962640236,3088,0.012209266436427575
2019,rf_peso10_reciente,previous,50,0.08141111520460065,5,248,118,73077,73448,0.019762845849802372,0.04065040650406504,0.026595744680851064,253,34.446138764840434,33.765385034309986,6148,0.012209266436427575
2019,rf_peso10_reciente,previous,100,0.08141111520460065,5,248,118,73077,73448,0.019762845849802372,0.04065040650406504,0.026595744680851064,253,34.446138764840434,33.765385034309986,12048,0.012209266436427575
2019,rf_profundo,previous,5,0.155,1,15,122,73310,73448,0.0625,0.008130081300813009,0.014388489208633094,16,2.1784119376974185,2.04226119159133,625,0.012602750181369807
2019,rf_profundo,previous,10,0.155,1,15,122,73310,73448,0.0625,0.008130081300813009,0.014388489208633094,16,2.1784119376974185,2.04226119159133,1235,0.012602750181369807
2019,rf_profundo,previous,25,0.045,7,172,116,73153,73448,0.03910614525139665,0.056910569105691054,0.046357615894039736,179,24.37098355298987,23.41792833024725,3072,0.012602750181369807
2019,rf_profundo,previous,50,0.035,12,311,111,73014,73448,0.03715170278637771,0.0975609756097561,0.053811659192825115,323,43.97669099226664,42.34288203899357,5861,0.012602750181369807
2019,rf_profundo,previous,100,0.02,19,877,104,72448,73448,0.021205357142857144,0.15447154471544716,0.03729146221786065,896,121.99106851105545,119.40420433503975,11277,0.012602750181369807
2019,rf_reciente_3a,previous,5,0.08152844250038432,5,24,118,73301,73448,0.1724137931034483,0.04065040650406504,0.06578947368421052,29,3.9483716370765713,3.267617906546128,614,0.018254058062253796
2019,rf_reciente_3a,previous,10,0.053716959335302565,5,51,118,73274,73448,0.08928571428571429,0.04065040650406504,0.055865921787709494,56,7.624441781940965,6.943688051410522,1231,0.018254058062253796
2019,rf_reciente_3a,previous,25,0.044268915031408215,6,82,117,73243,73448,0.06818181818181818,0.04878048780487805,0.05687203791469194,88,11.981265657335802,11.16436118069927,3007,0.018254058062253796
2019,rf_reciente_3a,previous,50,0.02001933145510514,13,372,110,72953,73448,0.033766233766233764,0.10569105691056911,0.051181102362204724,385,52.41803725084414,50.64807755146498,5872,0.018254058062253796
2019,rf_reciente_3a,previous,100,0.02001933145510514,13,372,110,72953,73448,0.033766233766233764,0.10569105691056911,0.051181102362204724,385,52.41803725084414,50.64807755146498,11372,0.018254058062253796
2019,rf_reciente_profundo,previous,5,0.16,3,6,120,73319,73448,0.3333333333333333,0.024390243902439025,0.045454545454545456,9,1.225356714954798,0.816904476636532,606,0.01844114280057183
2019,rf_reciente_profundo,previous,10,0.09,6,42,117,73283,73448,0.125,0.04878048780487805,0.07017543859649122,48,6.535235813092256,5.718331336455724,1212,0.01844114280057183
2019,rf_reciente_profundo,previous,25,0.045,7,217,116,73108,73448,0.03125,0.056910569105691054,0.040345821325648415,224,30.49776712776386,29.544711905021238,3117,0.01844114280057183
2019,rf_reciente_profundo,previous,50,0.045,7,217,116,73108,73448,0.03125,0.056910569105691054,0.040345821325648415,224,30.49776712776386,29.544711905021238,6017,0.01844114280057183
2019,rf_reciente_profundo,previous,100,0.025,17,627,106,72698,73448,0.026397515527950312,0.13821138211382114,0.04432855280312908,644,87.6810804923211,85.36651780851759,11227,0.01844114280057183
2019,rf_revisado_reciente,previous,5,0.29611257618938913,1,8,122,73317,73448,0.1111111111111111,0.008130081300813009,0.015151515151515152,9,1.225356714954798,1.0892059688487092,618,0.00835977747804413
2019,rf_revisado_reciente,previous,10,0.18704450628259484,2,39,121,73286,73448,0.04878048780487805,0.016260162601626018,0.024390243902439025,41,5.582180590349635,5.309879098137458,1249,0.00835977747804413
2019,rf_revisado_reciente,previous,25,0.18704450628259484,2,39,121,73286,73448,0.04878048780487805,0.016260162601626018,0.024390243902439025,41,5.582180590349635,5.309879098137458,3064,0.00835977747804413
2019,rf_revisado_reciente,previous,50,0.07329089597695711,10,583,113,72742,73448,0.016863406408094434,0.08130081300813008,0.027932960893854747,593,80.73739244091058,79.37588497984969,6233,0.00835977747804413
2019,rf_revisado_reciente,previous,100,0.06620224158106369,10,711,113,72614,73448,0.013869625520110958,0.08130081300813008,0.023696682464454975,721,98.16468794248992,96.80318048142904,12011,0.00835977747804413
2019,rf_variables_revisadas,previous,5,0.05518371506744926,3,27,120,73298,73448,0.1,0.024390243902439025,0.0392156862745098,30,4.08452238318266,3.676070144864394,627,0.01564293241081788
2019,rf_variables_revisadas,previous,10,0.04583877685873359,4,37,119,73288,73448,0.0975609756097561,0.032520325203252036,0.04878048780487805,41,5.582180590349635,5.03757760592528,1227,0.01564293241081788
2019,rf_variables_revisadas,previous,25,0.04583877685873359,4,37,119,73288,73448,0.0975609756097561,0.032520325203252036,0.04878048780487805,41,5.582180590349635,5.03757760592528,3012,0.01564293241081788
2019,rf_variables_revisadas,previous,50,0.01143784137545792,15,387,108,72938,73448,0.03731343283582089,0.12195121951219512,0.05714285714285714,402,54.732599934647645,52.69033874305631,5787,0.01564293241081788
2019,rf_variables_revisadas,previous,100,0.009295631692922407,18,761,105,72564,73448,0.023106546854942234,0.14634146341463414,0.03991130820399113,779,106.06143121664307,103.61071778673347,11261,0.01564293241081788
2019,rf_actualizado_contexto,new_context,5,0.24184335899839163,0,1,123,73324,73448,0.0,0.0,0.0,1,0.13615074610608865,0.13615074610608865,616,0.014947581112401657
2019,rf_actualizado_contexto,new_context,10,0.24184335899839163,0,1,123,73324,73448,0.0,0.0,0.0,1,0.13615074610608865,0.13615074610608865,1231,0.014947581112401657
2019,rf_actualizado_contexto,new_context,25,0.24184335899839163,0,1,123,73324,73448,0.0,0.0,0.0,1,0.13615074610608865,0.13615074610608865,3076,0.014947581112401657
2019,rf_actualizado_contexto,new_context,50,0.24184335899839163,0,1,123,73324,73448,0.0,0.0,0.0,1,0.13615074610608865,0.13615074610608865,6151,0.014947581112401657
2019,rf_actualizado_contexto,new_context,100,0.24184335899839163,0,1,123,73324,73448,0.0,0.0,0.0,1,0.13615074610608865,0.13615074610608865,12301,0.014947581112401657
2019,rf_revisado_contexto,new_context,5,0.5866157685766069,0,0,123,73325,73448,0.0,0.0,0.0,0,0.0,0.0,615,0.006017574185802317
2019,rf_revisado_contexto,new_context,10,0.5866157685766069,0,0,123,73325,73448,0.0,0.0,0.0,0,0.0,0.0,1230,0.006017574185802317
2019,rf_revisado_contexto,new_context,25,0.5866157685766069,0,0,123,73325,73448,0.0,0.0,0.0,0,0.0,0.0,3075,0.006017574185802317
2019,rf_revisado_contexto,new_context,50,0.5866157685766069,0,0,123,73325,73448,0.0,0.0,0.0,0,0.0,0.0,6150,0.006017574185802317
2019,rf_revisado_contexto,new_context,100,0.016323970016141304,19,4471,104,68854,73448,0.004231625835189309,0.15447154471544716,0.008237589421200954,4490,611.3168500163381,608.7299858403225,14871,0.006017574185802317
