column_name,source_table,data_type,row_count,null_count,null_percentage,unique_count,unique_count_method,min_value,max_value,mean_value,std_value,profile_timestamp
id,cards_data,int,6146,0,0.0,6146,exact_primary_key,0.0,6145.0,3072.5,1774.3417089162956,2026-08-16T07:08:59+00:00
client_id,cards_data,int,6146,0,0.0,1995,approx_count_distinct,0.0,1999.0,994.9396355353075,578.6146262379358,2026-08-16T07:08:59+00:00
card_brand,cards_data,nvarchar(40),6146,0,0.0,4,approx_count_distinct,,,,,2026-08-16T07:08:59+00:00
card_type,cards_data,nvarchar(40),6146,0,0.0,3,approx_count_distinct,,,,,2026-08-16T07:08:59+00:00
card_number,cards_data,varchar(32),6146,0,0.0,6178,approx_count_distinct,,,,,2026-08-16T07:08:59+00:00
expires,cards_data,varchar(16),6146,0,0.0,258,approx_count_distinct,,,,,2026-08-16T07:08:59+00:00
cvv,cards_data,varchar(8),6146,0,0.0,1000,approx_count_distinct,,,,,2026-08-16T07:08:59+00:00
has_chip,cards_data,varchar(8),6146,0,0.0,2,approx_count_distinct,,,,,2026-08-16T07:08:59+00:00
num_cards_issued,cards_data,int,6146,0,0.0,3,approx_count_distinct,1.0,3.0,1.5030914415880248,0.5191909056590776,2026-08-16T07:08:59+00:00
credit_limit,cards_data,varchar(32),6146,0,0.0,3767,approx_count_distinct,0.0,151223.0,14347.493979824276,12014.4638840389,2026-08-16T07:08:59+00:00
acct_open_date,cards_data,varchar(16),6146,0,0.0,299,approx_count_distinct,,,,,2026-08-16T07:08:59+00:00
year_pin_last_changed,cards_data,int,6146,0,0.0,19,approx_count_distinct,2002.0,2020.0,2013.4367068011716,4.270699440305043,2026-08-16T07:08:59+00:00
card_on_dark_web,cards_data,varchar(8),6146,0,0.0,1,approx_count_distinct,,,,,2026-08-16T07:08:59+00:00
transaction_id,fraud_labels,bigint,8914963,0,0.0,8914963,exact_primary_key,7475327.0,23761870.0,15584732.353505898,4703990.891185149,2026-08-16T07:08:59+00:00
is_fraud,fraud_labels,bit,8914963,0,0.0,2,approx_count_distinct,0.0,1.0,0.0014954633014180765,0.038642296236493345,2026-08-16T07:08:59+00:00
mcc,mcc_codes,int,109,0,0.0,109,exact_primary_key,1711.0,9402.0,5311.165137614679,1747.7604056162927,2026-08-16T07:08:59+00:00
description,mcc_codes,nvarchar(255),109,0,0.0,109,approx_count_distinct,,,,,2026-08-16T07:08:59+00:00
id,transactions_data,bigint,13305915,0,0.0,13305915,exact_primary_key,7475327.0,23761874.0,15584024.565583952,4704498.649461127,2026-08-16T07:08:59+00:00
date,transactions_data,datetime2,13305915,0,0.0,4140085,approx_count_distinct,2010-01-01 00:01:00,2019-10-31 23:59:00,,,2026-08-16T07:08:59+00:00
client_id,transactions_data,int,13305915,0,0.0,1205,approx_count_distinct,0.0,1998.0,1026.812045845776,581.6385589662304,2026-08-16T07:08:59+00:00
card_id,transactions_data,int,13305915,0,0.0,4149,approx_count_distinct,0.0,6144.0,3475.267650589982,1674.355912133166,2026-08-16T07:08:59+00:00
amount,transactions_data,varchar(32),13305915,0,0.0,82908,approx_count_distinct,-500.0,6820.2,42.976039023245846,81.65574765374127,2026-08-16T07:08:59+00:00
use_chip,transactions_data,nvarchar(64),13305915,0,0.0,3,approx_count_distinct,,,,,2026-08-16T07:08:59+00:00
merchant_id,transactions_data,bigint,13305915,0,0.0,75529,approx_count_distinct,1.0,100342.0,47723.763181337024,25815.337682195084,2026-08-16T07:08:59+00:00
merchant_city,transactions_data,nvarchar(160),13305915,0,0.0,12389,approx_count_distinct,,,,,2026-08-16T07:08:59+00:00
merchant_state,transactions_data,nvarchar(80),13305915,1563700,11.751916,198,approx_count_distinct,,,,,2026-08-16T07:08:59+00:00
zip,transactions_data,varchar(32),13305915,1652706,12.420837,25171,approx_count_distinct,,,,,2026-08-16T07:08:59+00:00
mcc,transactions_data,int,13305915,0,0.0,109,approx_count_distinct,1711.0,9402.0,5565.439814924415,875.7002377093249,2026-08-16T07:08:59+00:00
errors,transactions_data,nvarchar(500),13305915,13094522,98.411286,22,approx_count_distinct,,,,,2026-08-16T07:08:59+00:00
id,users_data,int,2000,0,0.0,2000,exact_primary_key,0.0,1999.0,999.5,577.4945887192364,2026-08-16T07:08:59+00:00
current_age,users_data,int,2000,0,0.0,79,approx_count_distinct,18.0,101.0,45.3915,18.414091537014986,2026-08-16T07:08:59+00:00
retirement_age,users_data,int,2000,0,0.0,29,approx_count_distinct,50.0,79.0,66.2375,3.628867328663935,2026-08-16T07:08:59+00:00
birth_year,users_data,int,2000,0,0.0,81,approx_count_distinct,1918.0,2002.0,1973.803,18.4212339958796,2026-08-16T07:08:59+00:00
birth_month,users_data,int,2000,0,0.0,12,approx_count_distinct,1.0,12.0,6.439,3.5653379667864176,2026-08-16T07:08:59+00:00
gender,users_data,nvarchar(32),2000,0,0.0,2,approx_count_distinct,,,,,2026-08-16T07:08:59+00:00
address,users_data,nvarchar(255),2000,0,0.0,2017,approx_count_distinct,,,,,2026-08-16T07:08:59+00:00
latitude,users_data,"decimal(10,6)",2000,0,0.0,981,approx_count_distinct,20.88,61.2,37.38922500000008,5.114323963552852,2026-08-16T07:08:59+00:00
longitude,users_data,"decimal(10,6)",2000,0,0.0,1219,approx_count_distinct,-159.41,-68.67,-91.5547650000002,16.283292617095345,2026-08-16T07:08:59+00:00
per_capita_income,users_data,varchar(32),2000,0,0.0,1768,approx_count_distinct,0.0,163145.0,23141.928,11324.13735766498,2026-08-16T07:08:59+00:00
yearly_income,users_data,varchar(32),2000,0,0.0,1927,approx_count_distinct,1.0,307018.0,45715.882,22992.615456311985,2026-08-16T07:08:59+00:00
total_debt,users_data,varchar(32),2000,0,0.0,1890,approx_count_distinct,0.0,516263.0,63709.694,52254.45342050285,2026-08-16T07:08:59+00:00
credit_score,users_data,int,2000,0,0.0,316,approx_count_distinct,480.0,850.0,709.7345,67.22194883334227,2026-08-16T07:08:59+00:00
num_credit_cards,users_data,int,2000,0,0.0,9,approx_count_distinct,1.0,9.0,3.073,1.637379462969069,2026-08-16T07:08:59+00:00
