evaluation_year,candidate,capacity_validation_per_10000,threshold,validation_tp,validation_fp,validation_recall,validation_alerts_per_10000,tp,fp,fn,tn,recall,precision,alerts,alerts_per_10000,cost_fn10,cost_fn100
2015,r1_pesos_clase,10,0.7397769367966599,10,72,0.18867924528301888,9.46193877433276,43,66,147,87814,0.22631578947368422,0.3944954128440367,109,12.37651867832406,1536,14766
2015,r1_pesos_clase,25,0.6790446621621683,16,174,0.3018867924528302,21.924004477112494,65,163,125,87717,0.34210526315789475,0.2850877192982456,228,25.888497785852163,1413,12663
2015,r1_pesos_clase,50,0.6051404501238555,27,392,0.5094339622641509,48.34819934689544,95,361,95,87519,0.5,0.20833333333333334,456,51.776995571704326,1311,9861
2015,r1_pesos_clase,100,0.5351397678495335,37,746,0.6981132075471698,90.34997634515307,124,711,66,87169,0.6526315789473685,0.14850299401197606,835,94.81094583853752,1371,7311
2015,r1_pesos_clase,250,0.4181583124593206,44,1935,0.8301886792452831,228.3558150537138,149,2951,41,84929,0.7842105263157895,0.04806451612903226,3100,351.9927330532531,3361,7051
2015,r1_sin_balanceo,10,0.05199335280409059,33,46,0.6226415094339622,9.115770282588878,104,20494,86,67386,0.5473684210526316,0.005049033886785125,20598,2338.821392074486,21354,29094
2015,r1_sin_balanceo,25,0.03486747089269901,35,94,0.660377358490566,14.885245144986904,118,22432,72,65448,0.6210526315789474,0.005232815964523282,22550,2560.463267855115,23152,29632
2015,r1_sin_balanceo,50,0.016519726771066157,40,371,0.7547169811320755,47.42508336891176,126,24658,64,63222,0.6631578947368421,0.005083925112976113,24784,2814.1251277392985,25298,31058
2015,r1_sin_balanceo,100,0.014666496250101906,41,484,0.7735849056603774,60.57948605517925,128,24909,62,62971,0.6736842105263158,0.005112433598274554,25037,2842.8522765981606,25529,31109
2015,r1_sin_balanceo,250,0.008892138596922438,46,1793,0.8679245283018868,212.20128543899932,153,26936,37,60944,0.8052631578947368,0.005648049023588911,27089,3075.84875667083,27306,30636
2015,r1_smotenc,10,0.6588691626989197,8,57,0.1509433962264151,7.500317321117431,29,51,161,87829,0.15263157894736842,0.3625,80,9.083683433632338,1661,16151
2015,r1_smotenc,25,0.5768130043177482,18,150,0.33962264150943394,19.38543553765736,56,153,134,87727,0.29473684210526313,0.2679425837320574,209,23.73112297036448,1493,13553
2015,r1_smotenc,50,0.4891252344088401,28,371,0.5283018867924528,46.04040940193624,87,364,103,87516,0.45789473684210524,0.19290465631929046,451,51.2092653571023,1394,10664
2015,r1_smotenc,100,0.40176406530730474,34,800,0.6415094339622641,96.23484070479904,120,812,70,87068,0.631578947368421,0.12875536480686695,932,105.82491200181674,1512,7812
2015,r1_smotenc,250,0.290178178114924,42,1945,0.7924528301886793,229.27893103169748,148,5093,42,82787,0.7789473684210526,0.02823888570883419,5241,595.0948109458385,5513,9293
2015,r1_submuestreo,10,0.7025445412388028,9,66,0.16981132075471697,8.654212293597036,35,44,155,87836,0.18421052631578946,0.4430379746835443,79,8.970137390711933,1594,15544
2015,r1_submuestreo,25,0.6520989047438102,17,184,0.32075471698113206,23.19328894684006,60,140,130,87740,0.3157894736842105,0.3,200,22.709208584080844,1440,13140
2015,r1_submuestreo,50,0.6227897826602833,21,281,0.39622641509433965,34.84762816888407,73,247,117,87633,0.38421052631578945,0.228125,320,36.33473373452935,1417,11947
2015,r1_submuestreo,100,0.5341086893376165,25,817,0.4716981132075472,97.15795668278274,113,793,77,87087,0.5947368421052631,0.12472406181015452,906,102.87271488588623,1563,8493
2015,r1_submuestreo,250,0.4146168888666618,38,2104,0.7169811320754716,247.16430310513138,135,2892,55,84988,0.7105263157894737,0.044598612487611496,3027,343.7038719200636,3442,8392
2015,rf_actualizado,10,0.05199335280409059,33,46,0.6226415094339622,9.115770282588878,104,20494,86,67386,0.5473684210526316,0.005049033886785125,20598,2338.821392074486,21354,29094
2015,rf_actualizado,25,0.03486747089269901,35,94,0.660377358490566,14.885245144986904,118,22432,72,65448,0.6210526315789474,0.005232815964523282,22550,2560.463267855115,23152,29632
2015,rf_actualizado,50,0.016519726771066157,40,371,0.7547169811320755,47.42508336891176,126,24658,64,63222,0.6631578947368421,0.005083925112976113,24784,2814.1251277392985,25298,31058
2015,rf_actualizado,100,0.014666496250101906,41,484,0.7735849056603774,60.57948605517925,128,24909,62,62971,0.6736842105263158,0.005112433598274554,25037,2842.8522765981606,25529,31109
2015,rf_actualizado,250,0.008892138596922438,46,1793,0.8679245283018868,212.20128543899932,153,26936,37,60944,0.8052631578947368,0.005648049023588911,27089,3075.84875667083,27306,30636
2015,rf_peso10_reciente,10,0.13736302291125613,23,42,0.4339622641509434,7.500317321117431,70,9325,120,78555,0.3684210526315789,0.007450771687067589,9395,1066.7650732371976,10525,21325
2015,rf_peso10_reciente,25,0.07732997574740966,30,178,0.5660377358490566,24.00101542757578,106,12432,84,75448,0.5578947368421052,0.008454298931249002,12538,1423.6402861360282,13272,20832
2015,rf_peso10_reciente,50,0.05841691969814418,33,384,0.6226415094339622,48.11742035239952,114,13967,76,73913,0.6,0.008096015907961083,14081,1598.8418303622118,14727,21567
2015,rf_peso10_reciente,100,0.04241522351803682,37,767,0.6981132075471698,92.77315578736024,132,17920,58,69960,0.6947368421052632,0.007312209173498781,18052,2049.733166799137,18500,23720
2015,rf_peso10_reciente,250,0.0262049565323113,44,1986,0.8301886792452831,234.2406794133598,154,25483,36,62397,0.8105263157894737,0.00600694309006514,25637,2910.979902350403,25843,29083
2015,rf_profundo,10,0.1,35,45,0.660377358490566,9.231159779836839,119,22882,71,64998,0.6263157894736842,0.005173688100517369,23001,2611.6725332122173,23592,29982
2015,rf_profundo,25,0.06,36,132,0.6792452830188679,19.38543553765736,127,23885,63,63995,0.6684210526315789,0.0052890221555888725,24012,2726.4675826047464,24515,30185
2015,rf_profundo,50,0.035,39,350,0.7358490566037735,44.88651442945663,130,24910,60,62970,0.6842105263157895,0.005191693290734824,25040,2843.1929147269216,25510,30910
2015,rf_profundo,100,0.025,42,621,0.7924528301886793,76.50323667539782,142,26077,48,61803,0.7473684210526316,0.005415919752850986,26219,2977.063699330078,26557,30877
2015,rf_profundo,250,0.02,43,860,0.8113207547169812,104.19671601490833,147,27332,43,60548,0.7736842105263158,0.0053495396484588235,27479,3120.1317134097876,27762,31632
2015,rf_reciente_3a,10,0.05141784671162139,29,51,0.5471698113207547,9.231159779836839,99,11056,91,76824,0.5210526315789473,0.008874943971313312,11155,1266.606108777109,11966,20156
2015,rf_reciente_3a,25,0.03047828423539894,30,123,0.5660377358490566,17.654593078937957,111,16179,79,71701,0.5842105263157895,0.006813996316758748,16290,1849.665039173385,16969,24079
2015,rf_reciente_3a,50,0.018910813197842633,32,288,0.6037735849056604,36.924639119347354,120,17155,70,70725,0.631578947368421,0.006946454413892909,17275,1961.507891449983,17855,24155
2015,rf_reciente_3a,100,0.012645703946291244,36,697,0.6792452830188679,84.58050148275505,129,18996,61,68884,0.6789473684210526,0.006745098039215686,19125,2171.5680708527307,19606,25096
2015,rf_reciente_3a,250,0.007580035662684511,39,1744,0.7358490566037735,205.73947359311356,144,23412,46,64468,0.7578947368421053,0.006113092205807438,23556,2674.690587033042,23872,28012
2015,rf_reciente_profundo,10,0.08,31,33,0.5849056603773585,7.384927823869471,108,15895,82,71985,0.5684210526315789,0.006748734612260201,16003,1817.0773248552289,16715,24095
2015,rf_reciente_profundo,25,0.045,33,128,0.6226415094339622,18.57770905692164,122,20181,68,67699,0.6421052631578947,0.0060089641924838694,20303,2305.325309412967,20861,26981
2015,rf_reciente_profundo,50,0.03,34,281,0.6415094339622641,36.34769163310755,125,24010,65,63870,0.6578947368421053,0.005179200331468821,24135,2740.433745883956,24660,30510
2015,rf_reciente_profundo,100,0.02,36,659,0.6792452830188679,80.19570058733254,134,25925,56,61955,0.7052631578947368,0.005142177366744695,26059,2958.8963324628135,26485,31525
2015,rf_reciente_profundo,250,0.01,42,2083,0.7924528301886793,245.20268165191604,147,32703,43,55177,0.7736842105263158,0.004474885844748858,32850,3729.987509935279,33133,37003
2015,rf_revisado_reciente,10,0.10959287276851322,24,59,0.4528301886792453,9.57732827158072,86,44,104,87836,0.45263157894736844,0.6615384615384615,130,14.76098557965255,1084,10444
2015,rf_revisado_reciente,25,0.07425113977966928,31,167,0.5849056603773585,22.847120455096178,103,144,87,87736,0.5421052631578948,0.41700404858299595,247,28.045872601339845,1014,8844
2015,rf_revisado_reciente,50,0.05579256167442777,34,335,0.6415094339622641,42.57872448449742,116,328,74,87552,0.6105263157894737,0.26126126126126126,444,50.41444305665947,1068,7728
2015,rf_revisado_reciente,100,0.039509490529279837,37,743,0.6981132075471698,90.00380785340919,127,744,63,87136,0.6684210526315789,0.14580941446613088,871,98.89860338367208,1374,7044
2015,rf_revisado_reciente,250,0.023155904221106444,44,1977,0.8301886792452831,233.20217393812817,145,1989,45,85891,0.7631578947368421,0.06794751640112465,2134,242.3072555921426,2439,6489
2015,rf_variables_revisadas,10,0.05487809827309114,33,44,0.6226415094339622,8.884991288092957,106,46,84,87834,0.5578947368421052,0.6973684210526315,152,17.258998523901443,886,8446
2015,rf_variables_revisadas,25,0.027789541607644824,36,159,0.6792452830188679,22.500951963352296,115,148,75,87732,0.6052631578947368,0.4372623574144487,263,29.86260928806631,898,7648
2015,rf_variables_revisadas,50,0.022685844002530667,37,216,0.6981132075471698,29.193542803734005,115,220,75,87660,0.6052631578947368,0.34328358208955223,335,38.03792437833542,970,7720
2015,rf_variables_revisadas,100,0.013141766355352467,41,684,0.7735849056603774,83.65738550477136,132,704,58,87176,0.6947368421052632,0.15789473684210525,836,94.92449188145793,1284,6504
2015,rf_variables_revisadas,250,0.00895210265303463,46,1878,0.8679245283018868,222.00939270507598,152,1956,38,85924,0.8,0.07210626185958255,2108,239.3550584762121,2336,5756
2016,r1_pesos_clase,10,0.7854871126509785,23,20,0.17293233082706766,9.68054211035818,35,39,191,87520,0.15486725663716813,0.47297297297297297,74,8.429686165062368,1949,19139
2016,r1_pesos_clase,25,0.7262802749262246,39,66,0.2932330827067669,23.63853306017695,54,108,172,87451,0.23893805309734514,0.3333333333333333,162,18.454177820812212,1828,17308
2016,r1_pesos_clase,50,0.671278730465911,58,144,0.43609022556390975,45.4760350300547,79,205,147,87354,0.3495575221238938,0.27816901408450706,284,32.351768525374496,1675,14905
2016,r1_pesos_clase,100,0.5641377709163292,83,354,0.6240601503759399,98.3813233075936,143,551,83,87008,0.6327433628318584,0.20605187319884727,694,79.05678646693626,1381,8851
2016,r1_pesos_clase,250,0.4951074610887753,102,801,0.7669172932330827,203.2913843175218,167,1297,59,86262,0.7389380530973452,0.11407103825136612,1464,166.7710884547474,1887,7197
2016,r1_sin_balanceo,10,0.29884679655198515,42,0,0.3157894736842105,9.455413224070782,73,3,153,87556,0.3230088495575221,0.9605263157894737,76,8.657515520874865,1533,15303
2016,r1_sin_balanceo,25,0.2712917453310925,45,64,0.3383458646616541,24.53904860532655,73,153,153,87406,0.3230088495575221,0.3230088495575221,226,25.744717206812098,1683,15453
2016,r1_sin_balanceo,50,0.26697187989342924,47,82,0.3533834586466165,29.041626331074543,73,193,153,87366,0.3230088495575221,0.2744360902255639,266,30.301304323062027,1723,15493
2016,r1_sin_balanceo,100,0.26697187989342924,47,82,0.3533834586466165,29.041626331074543,73,193,153,87366,0.3230088495575221,0.2744360902255639,266,30.301304323062027,1723,15493
2016,r1_sin_balanceo,250,0.25600339978649556,48,1024,0.3609022556390977,241.3381661000923,78,2297,148,85262,0.34513274336283184,0.032842105263157895,2375,270.54736002733955,3777,17097
2016,r1_smotenc,10,0.6630529029992553,20,20,0.15037593984962405,9.005155451495982,22,26,204,87533,0.09734513274336283,0.4583333333333333,48,5.467904539499915,2066,20426
2016,r1_smotenc,25,0.5865951823463126,37,74,0.2781954887218045,24.989306377901347,58,100,168,87459,0.25663716814159293,0.3670886075949367,158,17.998519109187217,1780,16900
2016,r1_smotenc,50,0.5271774704782441,60,148,0.45112781954887216,46.82680834777911,89,241,137,87318,0.3938053097345133,0.2696969696969697,330,37.59184370906191,1611,13941
2016,r1_smotenc,100,0.42540097215041145,80,359,0.6015037593984962,98.83158108016839,121,638,105,86921,0.5353982300884956,0.15942028985507245,759,86.4612405308424,1688,11138
2016,r1_smotenc,250,0.3295481946937383,95,836,0.7142857142857143,209.59499313356895,161,1563,65,85996,0.7123893805309734,0.09338747099767981,1724,196.38890471037192,2213,8063
2016,r1_submuestreo,10,0.6648568965559097,21,23,0.15789473684210525,9.90567099664558,37,43,189,87516,0.16371681415929204,0.4625,80,9.113174232499858,1933,18943
2016,r1_submuestreo,25,0.6082247787236276,47,61,0.3533834586466165,24.313919719039152,76,136,150,87423,0.336283185840708,0.3584905660377358,212,24.149911716124624,1636,15136
2016,r1_submuestreo,50,0.5672976146647215,64,142,0.48120300751879697,46.376550575204305,100,258,126,87301,0.4424778761061947,0.27932960893854747,358,40.78145469043686,1518,12858
2016,r1_submuestreo,100,0.5000716310567028,79,330,0.5939849624060151,92.0777144915464,129,616,97,86943,0.5707964601769911,0.17315436241610738,745,84.86643504015493,1586,10316
2016,r1_submuestreo,250,0.39968613205337383,98,1003,0.7368421052631579,247.8669038024269,163,1957,63,85602,0.7212389380530974,0.07688679245283019,2120,241.49911716124623,2587,8257
2016,rf_actualizado,10,0.23388382358654777,44,0,0.3308270676691729,9.90567099664558,62,4,164,87555,0.2743362831858407,0.9393939393939394,66,7.518368741812383,1644,16404
2016,rf_actualizado,25,0.05822997213404287,76,35,0.5714285714285714,24.989306377901347,119,87,107,87472,0.5265486725663717,0.5776699029126213,206,23.466423648687133,1157,10787
2016,rf_actualizado,50,0.03005134307834322,84,136,0.631578947368421,49.5283549832279,140,234,86,87325,0.6194690265486725,0.37433155080213903,374,42.60408953693683,1094,8834
2016,rf_actualizado,100,0.01959065016050786,88,315,0.6616541353383458,90.72694117382203,148,557,78,87002,0.6548672566371682,0.2099290780141844,705,80.309847923905,1337,8357
2016,rf_actualizado,250,0.012900155925023471,97,925,0.7293233082706767,230.08172178572235,157,1421,69,86138,0.6946902654867256,0.09949302915082382,1578,179.7573617360597,2111,8321
2016,rf_peso10_reciente,10,0.19711653497485873,42,2,0.3157894736842105,9.90567099664558,68,15,158,87544,0.3008849557522124,0.8192771084337349,83,9.454918266218602,1595,15815
2016,rf_peso10_reciente,25,0.10857690850978655,64,40,0.48120300751879697,23.413404173889553,100,90,126,87469,0.4424778761061947,0.5263157894736842,190,21.64378880218716,1350,12690
2016,rf_peso10_reciente,50,0.07041850349415,81,130,0.6090225563909775,47.5021950066413,120,263,106,87296,0.5309734513274337,0.3133159268929504,383,43.62932163809307,1323,10863
2016,rf_peso10_reciente,100,0.04843411355300705,89,343,0.6691729323308271,97.25567887615661,135,656,91,86903,0.5973451327433629,0.1706700379266751,791,90.10651022384233,1566,9756
2016,rf_peso10_reciente,250,0.03501309281918662,103,684,0.7744360902255639,177.17643350818344,152,1334,74,86225,0.672566371681416,0.10228802153432032,1486,169.27721136868485,2074,8734
2016,rf_profundo,10,0.61,43,0,0.3233082706766917,9.68054211035818,61,0,165,87559,0.26991150442477874,1.0,61,6.948795352281142,1650,16500
2016,rf_profundo,25,0.115,80,28,0.6015037593984962,24.313919719039152,134,50,92,87509,0.5929203539823009,0.7282608695652174,184,20.960300734749673,970,9250
2016,rf_profundo,50,0.06,90,112,0.6766917293233082,45.4760350300547,150,192,76,87367,0.6637168141592921,0.43859649122807015,342,38.958819843936894,952,7792
2016,rf_profundo,100,0.04,98,256,0.7368421052631579,79.69562574573943,152,437,74,87122,0.672566371681416,0.25806451612903225,589,67.0957452867802,1177,7837
2016,rf_profundo,250,0.035,99,373,0.7443609022556391,106.26083432765257,155,609,71,86950,0.6858407079646017,0.20287958115183247,764,87.03081392037365,1319,7709
2016,rf_reciente_3a,10,0.13933387157034846,44,0,0.3308270676691729,9.90567099664558,63,9,163,87550,0.27876106194690264,0.875,72,8.201856809249872,1639,16309
2016,rf_reciente_3a,25,0.048851334059980885,72,37,0.5413533834586466,24.53904860532655,89,89,137,87470,0.3938053097345133,0.5,178,20.276812667312182,1459,13789
2016,rf_reciente_3a,50,0.03129941427052935,78,100,0.5864661654135338,40.07294175915712,110,199,116,87360,0.48672566371681414,0.3559870550161812,309,35.1996354730307,1359,11799
2016,rf_reciente_3a,100,0.02024716335353092,81,281,0.6090225563909775,81.49665683603862,122,482,104,87077,0.5398230088495575,0.20198675496688742,604,68.80446545537393,1522,10882
2016,rf_reciente_3a,250,0.011666859125245805,92,1018,0.6917293233082706,249.8930637790135,143,1613,83,85946,0.6327433628318584,0.08143507972665148,1756,200.03417440337188,2443,9913
2016,rf_reciente_profundo,10,0.325,43,0,0.3233082706766917,9.68054211035818,61,0,165,87559,0.26991150442477874,1.0,61,6.948795352281142,1650,16500
2016,rf_reciente_profundo,25,0.085,76,29,0.5714285714285714,23.63853306017695,113,49,113,87510,0.5,0.6975308641975309,162,18.454177820812212,1179,11349
2016,rf_reciente_profundo,50,0.055,81,113,0.6090225563909775,43.675003939755506,123,148,103,87411,0.5442477876106194,0.45387453874538747,271,30.870877712593266,1178,10448
2016,rf_reciente_profundo,100,0.045,85,238,0.6390977443609023,72.71663027083005,128,330,98,87229,0.5663716814159292,0.2794759825327511,458,52.17292248106168,1310,10130
2016,rf_reciente_profundo,250,0.025,89,996,0.6691729323308271,244.26484162182848,148,1267,78,86292,0.6548672566371682,0.10459363957597173,1415,161.18926923734122,2047,9067
2016,rf_revisado_reciente,10,0.23014910188820767,42,2,0.3157894736842105,9.90567099664558,68,13,158,87546,0.3008849557522124,0.8395061728395061,81,9.227088910406106,1593,15813
2016,rf_revisado_reciente,25,0.1136574265016612,70,40,0.5263157894736842,24.76417749161395,99,96,127,87463,0.43805309734513276,0.5076923076923077,195,22.213362191718403,1366,12796
2016,rf_revisado_reciente,50,0.06999963778299285,84,138,0.631578947368421,49.97861275580269,122,279,104,87280,0.5398230088495575,0.30423940149625933,401,45.679785840405536,1319,10679
2016,rf_revisado_reciente,100,0.0476406810382615,96,338,0.7218045112781954,97.7059366487314,141,647,85,86912,0.6238938053097345,0.17893401015228427,788,89.7647661901236,1497,9147
2016,rf_revisado_reciente,250,0.0253539551675663,110,973,0.8270676691729323,243.81458384925372,172,1929,54,85630,0.7610619469026548,0.08186577820085673,2101,239.3347382810275,2469,7329
2016,rf_variables_revisadas,10,0.3204328088640677,44,0,0.3308270676691729,9.90567099664558,68,0,158,87559,0.3008849557522124,1.0,68,7.7461980976248785,1580,15800
2016,rf_variables_revisadas,25,0.048107791790953695,82,21,0.6165413533834586,23.188275287602153,130,51,96,87508,0.5752212389380531,0.7182320441988951,181,20.61855670103093,1011,9651
2016,rf_variables_revisadas,50,0.017444595171504994,93,123,0.6992481203007519,48.627839438078304,155,231,71,87328,0.6858407079646017,0.4015544041450777,386,43.971065671811814,941,7331
2016,rf_variables_revisadas,100,0.01171670941011998,102,314,0.7669172932330827,93.65361669555821,167,566,59,86993,0.7389380530973452,0.22783083219645292,733,83.49945890527995,1156,6466
2016,rf_variables_revisadas,250,0.008048879805686738,112,873,0.8421052631578947,221.75195299308854,182,1688,44,85871,0.8053097345132744,0.09732620320855614,1870,213.02044768468417,2128,6088
2019,r1_pesos_clase,10,0.8284292233933526,2,30,0.028985507246376812,7.214356569573452,0,31,123,73294,0.0,0.0,31,4.220673129288748,1261,12331
2019,r1_pesos_clase,25,0.8284292233933526,2,30,0.028985507246376812,7.214356569573452,0,31,123,73294,0.0,0.0,31,4.220673129288748,1261,12331
2019,r1_pesos_clase,50,0.7110721382674425,3,153,0.043478260869565216,35.16998827667058,0,162,123,73163,0.0,0.0,162,22.056420869186365,1392,12462
2019,r1_pesos_clase,100,0.7110721382674425,3,153,0.043478260869565216,35.16998827667058,0,162,123,73163,0.0,0.0,162,22.056420869186365,1392,12462
2019,r1_pesos_clase,250,0.5403500690995576,4,705,0.057971014492753624,159.84308774461178,0,998,123,72327,0.0,0.0,998,135.8784446138765,2228,13298
2019,r1_sin_balanceo,10,0.038072626728914497,5,32,0.07246376811594203,8.341599783569302,5,63,118,73262,0.04065040650406504,0.07352941176470588,68,9.258250735214029,1243,11863
2019,r1_sin_balanceo,25,0.02080409523318332,9,100,0.13043478260869565,24.573902065109564,10,164,113,73161,0.08130081300813008,0.05747126436781609,174,23.690229822459425,1294,11464
2019,r1_sin_balanceo,50,0.015000450281034153,12,182,0.17391304347826086,43.737036703039045,13,297,110,73028,0.10569105691056911,0.041935483870967745,310,42.20673129288748,1397,11297
2019,r1_sin_balanceo,100,0.012661664476534901,15,284,0.21739130434782608,67.40914419695193,13,452,110,72873,0.10569105691056911,0.02795698924731183,465,63.310096939331224,1552,11452
2019,r1_sin_balanceo,250,0.007908661271132105,17,905,0.2463768115942029,207.86364866083505,19,1380,104,71945,0.15447154471544716,0.013581129378127233,1399,190.47489380241802,2420,11780
2019,r1_smotenc,10,0.6455043286727485,1,29,0.014492753623188406,6.763459283975111,0,26,123,73299,0.0,0.0,26,3.5399193987583053,1256,12326
2019,r1_smotenc,25,0.5462174785417264,3,102,0.043478260869565216,23.67210749391289,0,118,123,73207,0.0,0.0,118,16.065788040518463,1348,12418
2019,r1_smotenc,50,0.501051148614784,4,183,0.057971014492753624,42.158896203444854,0,236,123,73089,0.0,0.0,236,32.131576081036926,1466,12536
2019,r1_smotenc,100,0.4415863257490677,5,304,0.07246376811594203,69.66363062494364,0,417,123,72908,0.0,0.0,417,56.774861126238974,1647,12717
2019,r1_smotenc,250,0.3138549140720721,6,857,0.08695652173913043,194.562178735684,0,1328,123,71997,0.0,0.0,1328,180.80819082888576,2558,13628
2019,r1_submuestreo,10,0.8549467147522368,1,1,0.014492753623188406,0.45089728559834075,0,0,123,73325,0.0,0.0,0,0.0,1230,12300
2019,r1_submuestreo,25,0.6217115428311037,3,91,0.043478260869565216,21.192172423122013,0,141,123,73184,0.0,0.0,141,19.1972552009585,1371,12441
2019,r1_submuestreo,50,0.5571162502509844,4,201,0.057971014492753624,46.21697177382992,0,258,123,73067,0.0,0.0,258,35.126892495370875,1488,12558
2019,r1_submuestreo,100,0.5571162502509844,4,201,0.057971014492753624,46.21697177382992,0,258,123,73067,0.0,0.0,258,35.126892495370875,1488,12558
2019,r1_submuestreo,250,0.3632098908278223,5,975,0.07246376811594203,220.93966994318694,1,1565,122,71760,0.008130081300813009,0.0006385696040868455,1566,213.21206840213483,2785,13765
2019,rf_actualizado,10,0.032894580458510195,9,31,0.13043478260869565,9.017945711966814,10,65,113,73260,0.08130081300813008,0.13333333333333333,75,10.21130595795665,1195,11365
2019,rf_actualizado,25,0.02046171411871807,14,93,0.2028985507246377,24.123004779511227,12,160,111,73165,0.0975609756097561,0.06976744186046512,172,23.41792833024725,1270,11260
2019,rf_actualizado,50,0.014357903872303419,17,202,0.2463768115942029,49.37325277301831,17,347,106,72978,0.13821138211382114,0.046703296703296704,364,49.55887158261627,1407,10947
2019,rf_actualizado,100,0.010705705546586118,18,398,0.2608695652173913,93.78663540445486,21,682,102,72643,0.17073170731707318,0.029871977240398292,703,95.71397451258034,1702,10882
2019,rf_actualizado,250,0.007347273473527625,21,932,0.30434782608695654,214.85255658760934,28,1599,95,71726,0.22764227642276422,0.017209588199139522,1627,221.51726391460625,2549,11099
2019,rf_peso10_reciente,10,0.19598059880755334,4,12,0.057971014492753624,3.607178284786726,1,12,122,73313,0.008130081300813009,0.07692307692307693,13,1.7699596993791527,1232,12212
2019,rf_peso10_reciente,25,0.104055565949733,7,92,0.10144927536231885,22.319415637117864,5,116,118,73209,0.04065040650406504,0.04132231404958678,121,16.474240278836728,1296,11916
2019,rf_peso10_reciente,50,0.08141111520460065,10,180,0.14492753623188406,42.835242131842364,5,248,118,73077,0.04065040650406504,0.019762845849802372,253,34.446138764840434,1428,12048
2019,rf_peso10_reciente,100,0.060784025944018064,11,381,0.15942028985507245,88.37586797727478,10,529,113,72796,0.08130081300813008,0.01855287569573284,539,73.38525215118179,1659,11829
2019,rf_peso10_reciente,250,0.03913125001972246,16,991,0.2318840579710145,227.02678329876454,13,1475,110,71850,0.10569105691056911,0.008736559139784945,1488,202.59231020585992,2575,12475
2019,rf_profundo,10,0.155,6,9,0.08695652173913043,3.3817296419875555,1,15,122,73310,0.008130081300813009,0.0625,16,2.1784119376974185,1235,12215
2019,rf_profundo,25,0.05,11,76,0.15942028985507245,19.614031923527822,7,151,116,73174,0.056910569105691054,0.04430379746835443,158,21.51181788476201,1311,11751
2019,rf_profundo,50,0.035,14,170,0.2028985507246377,41.482550275047345,12,311,111,73014,0.0975609756097561,0.03715170278637771,323,43.97669099226664,1421,11411
2019,rf_profundo,100,0.03,15,238,0.21739130434782608,57.0385066281901,15,414,108,72911,0.12195121951219512,0.03496503496503497,429,58.408670079512035,1494,11214
2019,rf_profundo,250,0.02,18,498,0.2608695652173913,116.3314996843719,19,877,104,72448,0.15447154471544716,0.021205357142857144,896,121.99106851105545,1917,11277
2019,rf_reciente_3a,10,0.053716959335302565,8,33,0.11594202898550725,9.243394354765984,5,51,118,73274,0.04065040650406504,0.08928571428571429,56,7.624441781940965,1231,11851
2019,rf_reciente_3a,25,0.03296696125057087,10,99,0.14492753623188406,24.573902065109564,7,141,116,73184,0.056910569105691054,0.0472972972972973,148,20.15031042370112,1301,11741
2019,rf_reciente_3a,50,0.022167068954407138,13,195,0.18840579710144928,46.89331770222743,11,322,112,73003,0.08943089430894309,0.03303303303303303,333,45.33819845332752,1442,11522
2019,rf_reciente_3a,100,0.02001933145510514,15,230,0.21739130434782608,55.234917485796736,13,372,110,72953,0.10569105691056911,0.033766233766233764,385,52.41803725084414,1472,11372
2019,rf_reciente_3a,250,0.009103256800376784,19,852,0.2753623188405797,196.36576787807738,24,1449,99,71876,0.1951219512195122,0.016293279022403257,1473,200.5500490142686,2439,11349
2019,rf_reciente_profundo,10,0.09,7,27,0.10144927536231885,7.665253855171792,6,42,117,73283,0.04878048780487805,0.125,48,6.535235813092256,1212,11742
2019,rf_reciente_profundo,25,0.05,10,100,0.14492753623188406,24.79935070790874,7,170,116,73155,0.056910569105691054,0.03954802259887006,177,24.098682060777694,1330,11770
2019,rf_reciente_profundo,50,0.045,14,128,0.2028985507246377,32.01370727748219,7,217,116,73108,0.056910569105691054,0.03125,224,30.49776712776386,1377,11817
2019,rf_reciente_profundo,100,0.025,17,411,0.2463768115942029,96.49201911804491,17,627,106,72698,0.13821138211382114,0.026397515527950312,644,87.6810804923211,1687,11227
2019,rf_reciente_profundo,250,0.02,18,603,0.2608695652173913,140.0036071782848,20,955,103,72370,0.16260162601626016,0.020512820512820513,975,132.74697745343644,1985,11255
2019,rf_revisado_reciente,10,0.18704450628259484,6,29,0.08695652173913043,7.890702497970962,2,39,121,73286,0.016260162601626018,0.04878048780487805,41,5.582180590349635,1249,12139
2019,rf_revisado_reciente,25,0.13937367878103324,7,88,0.10144927536231885,21.417621065921182,4,112,119,73213,0.032520325203252036,0.034482758620689655,116,15.793486548306285,1302,12012
2019,rf_revisado_reciente,50,0.10048459715211161,9,204,0.13043478260869565,48.02056091622328,6,289,117,73036,0.04878048780487805,0.020338983050847456,295,40.16447010129615,1459,11989
2019,rf_revisado_reciente,100,0.07329089597695711,14,417,0.2028985507246377,97.16836504644243,10,583,113,72742,0.08130081300813008,0.016863406408094434,593,80.73739244091058,1713,11883
2019,rf_revisado_reciente,250,0.045808185909846255,16,1011,0.2318840579710145,231.53575615474796,15,1516,108,71809,0.12195121951219512,0.009797517962116264,1531,208.44679228842173,2596,12316
2019,rf_variables_revisadas,10,0.04583877685873359,9,21,0.13043478260869565,6.763459283975111,4,37,119,73288,0.032520325203252036,0.0975609756097561,41,5.582180590349635,1227,11937
2019,rf_variables_revisadas,25,0.019119950371937422,11,87,0.15942028985507245,22.093966994318695,11,145,112,73180,0.08943089430894309,0.07051282051282051,156,21.23951639254983,1265,11345
2019,rf_variables_revisadas,50,0.016299916471322028,12,117,0.17391304347826086,29.082874921092976,11,191,112,73134,0.08943089430894309,0.054455445544554455,202,27.50245071342991,1311,11391
2019,rf_variables_revisadas,100,0.01143784137545792,15,263,0.21739130434782608,62.674722698169354,15,387,108,72938,0.12195121951219512,0.03731343283582089,402,54.732599934647645,1467,11187
2019,rf_variables_revisadas,250,0.007573432672505934,19,888,0.2753623188405797,204.48191901884752,20,1470,103,71855,0.16260162601626016,0.013422818791946308,1490,202.8646116980721,2500,11770
